tpep_pickup_datetime,tpep_dropoff_datetime,trip_distance,pickup_longitude,pickup_latitude,dropoff_longitude,dropoff_latitude,total_amount
01/09/2015 0:05,01/09/2015 0:31,17.45,-73.79135132,40.64669037,-73.85743713,40.84826279,59.34
01/09/2015 0:05,01/09/2015 0:07,0.4,-73.97893524,40.75285339,-73.9860611,40.7553978,4.8
01/09/2015 0:05,01/09/2015 0:16,1.5,-73.9908905,40.72397232,-74.00955963,40.72891617,10.3
01/09/2015 0:05,01/09/2015 0:30,7.5,-73.98777771,40.73819351,-73.94475555,40.82816696,29.75
01/09/2015 0:05,01/09/2015 0:12,1.61,-73.99025726,40.73728943,-73.99508667,40.74485016,8.3
01/09/2015 0:05,01/09/2015 0:08,0.69,-73.94365692,40.82059479,-73.93763733,40.82869339,5.8
01/09/2015 0:05,01/09/2015 0:10,0.8,-74.00408936,40.75182724,-74.00380707,40.74201965,7.8
01/09/2015 0:05,01/09/2015 0:32,5.8,-73.98703003,40.76649094,-73.91083527,40.77112961,27.95
01/09/2015 0:05,01/09/2015 0:19,3.9,-73.99694061,40.72531509,-73.95201874,40.69283676,18.36
01/09/2015 0:05,01/09/2015 0:22,4.21,-73.98669434,40.73014832,-73.9811554,40.67548752,16.8
01/09/2015 0:05,01/09/2015 0:22,3.7,-73.99407196,40.73230743,-73.98139191,40.76856232,16.3
01/09/2015 0:06,01/09/2015 0:08,0.84,-73.97113037,40.7553215,-73.96334076,40.76594162,7
01/09/2015 0:06,01/09/2015 0:15,1.21,-73.98622894,40.73055267,-74.00285339,40.73085022,10.56
01/09/2015 0:06,01/09/2015 0:10,2,-73.98223114,40.77463913,-73.96777344,40.80054092,8.8
01/09/2015 0:06,01/09/2015 0:15,4.3,-73.86343384,40.76905441,-73.92523956,40.75936508,17.8
01/09/2015 0:06,01/09/2015 0:23,5.14,-74.008255,40.72288132,-73.98292542,40.78201675,20.6
01/09/2015 0:06,01/09/2015 0:15,2.44,-73.98204803,40.77817917,-73.96746826,40.75267029,12
01/09/2015 0:06,01/09/2015 0:51,11.15,-73.99427795,40.76153183,-73.96601105,40.63460159,47.76
01/09/2015 0:06,01/09/2015 0:11,1.47,-73.98101807,40.78226089,-73.96713257,40.79845428,9
01/09/2015 0:06,01/09/2015 0:19,3.8,-73.97525787,40.76431656,-73.93508911,40.79835892,17.15
01/09/2015 0:06,01/09/2015 0:37,11.58,-73.87464905,40.77415848,-73.9982605,40.73186111,50.21
01/09/2015 0:06,01/09/2015 0:16,1.9,-73.9874649,40.74862671,-73.98422241,40.7672348,10.8
01/09/2015 0:06,01/09/2015 0:22,9.2,-73.98221588,40.76528931,-73.91892242,40.86732483,28.3
01/09/2015 0:06,01/09/2015 0:11,1.32,-73.99764252,40.72179031,-74.00444794,40.70724869,9.36
01/09/2015 0:06,01/09/2015 0:13,1.92,-73.97818756,40.77308655,-73.97583771,40.79383469,10.8
01/09/2015 0:06,01/09/2015 0:15,1.25,-73.97251129,40.79399109,-73.98483276,40.78253937,9.3
01/09/2015 0:06,01/09/2015 0:21,7.54,-73.97271729,40.75352859,-73.99832153,40.68996811,23.8
01/09/2015 0:06,01/09/2015 0:23,4.45,-74.00991058,40.71226883,-73.99247742,40.76828384,17.8
01/09/2015 0:06,01/09/2015 0:07,0.3,-73.99517059,40.7421875,-73.99893951,40.73947906,12
01/09/2015 0:06,01/09/2015 0:11,1,-73.99757385,40.72081375,-73.99011993,40.73469925,7.3
01/09/2015 0:06,01/09/2015 0:12,0.98,-73.99172974,40.75986862,-73.97845459,40.75182343,7.8
01/09/2015 0:06,01/09/2015 0:19,4.94,-73.87444305,40.77410889,-73.92366791,40.74232864,23.14
01/09/2015 0:06,01/09/2015 0:16,2.5,-73.97893524,40.7533493,-73.97618103,40.72866058,14.1
01/09/2015 0:06,01/09/2015 0:25,5.69,-73.987854,40.73796844,-73.95644379,40.68514633,23.8
01/09/2015 0:06,01/09/2015 0:16,3.8,-73.98823547,40.7203064,-73.96212769,40.68250656,17.15
01/09/2015 0:06,01/09/2015 0:18,2.86,-74.00126648,40.73104858,-74.00032043,40.76187897,12.8
01/09/2015 0:06,01/09/2015 0:16,2.94,-74.01248932,40.70252991,-73.98361969,40.69381332,12.8
01/09/2015 0:06,01/09/2015 0:09,0.9,-73.96874237,40.79667282,-73.96587372,40.80561066,6.95
01/09/2015 0:06,01/09/2015 0:17,2.6,-73.96147156,40.71420288,-73.92668152,40.69901276,14.3
01/09/2015 0:06,01/09/2015 0:32,9.6,-73.86373901,40.76962662,-73.90671539,40.69713593,37.55
01/09/2015 0:06,01/09/2015 0:38,7.64,-73.97705841,40.78488922,-73.92666626,40.86698914,36.36
01/09/2015 0:06,01/09/2015 0:12,1.25,-73.98360443,40.75541306,-73.9695282,40.7631073,7.8
01/09/2015 0:06,01/09/2015 0:12,1.51,-74.0100708,40.72027969,-74.00585938,40.73757935,9.96
01/09/2015 0:06,01/09/2015 0:12,1.07,-73.99507904,40.72516632,-74.00740051,40.73293686,9.36
01/09/2015 0:06,01/09/2015 0:14,2.36,-73.97429657,40.78372955,-73.95922852,40.80950928,12.36
01/09/2015 0:06,01/09/2015 0:10,1.01,-73.99043274,40.73506927,-74.0015564,40.73041153,6.3
01/09/2015 0:06,01/09/2015 0:12,1.12,-73.92431641,40.74361801,-73.93422699,40.73944473,7.8
01/09/2015 0:06,01/09/2015 0:36,16.32,-73.80330658,40.64859009,-73.9733963,40.75528717,70.01
01/09/2015 0:06,01/09/2015 0:38,14.42,-73.99676514,40.72971344,-73.85434723,40.85589218,43.8
01/09/2015 0:06,01/09/2015 0:20,4.7,-73.97310638,40.75504684,-73.9901123,40.71517563,17.3
01/09/2015 0:06,01/09/2015 0:28,12.35,-73.77690887,40.64671326,-73.90036774,40.74187088,36.8
01/09/2015 0:06,01/09/2015 0:12,1.6,-73.9991684,40.72790146,-73.9961319,40.74431229,8.3
01/09/2015 0:06,01/09/2015 0:18,7.12,-73.87355804,40.77405167,-73.95812225,40.71711731,26.16
01/09/2015 0:06,01/09/2015 0:09,0.57,-73.98400879,40.75502396,-73.98027802,40.76081848,5.3
01/09/2015 0:06,01/09/2015 0:21,4.3,-73.95617676,40.77978134,-73.92126465,40.82744598,19.56
01/09/2015 0:06,01/09/2015 0:14,2.6,-74.00388336,40.72597885,-73.99015808,40.75626755,12.96
01/09/2015 0:06,01/09/2015 0:09,0.78,-73.98770142,40.76863098,-73.9821167,40.77806091,7.54
01/09/2015 0:06,01/09/2015 0:17,6.1,-73.78348541,40.64857101,-73.86450958,40.66502762,19.3
01/09/2015 0:06,01/09/2015 0:11,0.99,-73.98878479,40.74482346,-74.0014267,40.74654388,8.16
01/09/2015 0:06,01/09/2015 0:19,2.6,-73.99520874,40.72527313,-73.99267578,40.75338745,14.72
01/09/2015 0:06,01/09/2015 0:19,3.6,-73.98979187,40.73455048,-73.98488617,40.69186783,17.75
01/09/2015 0:06,01/09/2015 0:15,1.7,-73.98742676,40.76749039,-73.98742676,40.76749039,9.8
01/09/2015 0:06,01/09/2015 0:13,1.59,-74.00706482,40.73996353,-73.98881531,40.74853134,8.3
01/09/2015 0:06,01/09/2015 0:14,1.31,-73.99810028,40.73609161,-73.98394012,40.7256012,9.8
01/09/2015 0:06,01/09/2015 0:24,2.78,-73.96844482,40.75518036,-73.98373413,40.72577667,15.3
01/09/2015 0:06,01/09/2015 0:18,7.04,-73.98275757,40.73937988,-73.8720932,40.72647858,26.84
01/09/2015 0:06,01/09/2015 0:14,2.45,-73.98259735,40.75638962,-73.95545959,40.77340698,12.8
01/09/2015 0:06,01/09/2015 0:35,5.73,-73.98542023,40.75992584,-73.98638916,40.71854782,26.3
01/09/2015 0:06,01/09/2015 0:19,2.87,-73.9875412,40.77584839,-73.97183228,40.74971771,14.76
01/09/2015 0:06,01/09/2015 0:27,5.5,-73.954422,40.71071625,-73.9786377,40.7563858,22.8
01/09/2015 0:06,01/09/2015 0:09,0.47,-73.98908997,40.73394012,-73.99007416,40.72938538,5.8
01/09/2015 0:06,01/09/2015 0:15,2.4,-73.98886108,40.74846649,-73.97924042,40.77740479,10.8
01/09/2015 0:06,01/09/2015 0:20,2.9,-73.98388672,40.72554779,-73.9664917,40.76195908,16.56
01/09/2015 0:06,01/09/2015 0:20,3.7,-73.98304749,40.75613403,-73.94644928,40.79639816,16.8
01/09/2015 0:06,01/09/2015 0:32,9.49,-73.99256134,40.72655869,-73.94509888,40.83543015,31.8
01/09/2015 0:06,01/09/2015 0:08,0.73,-73.99726105,40.73694992,-73.99066925,40.74600983,5.3
01/09/2015 0:06,01/09/2015 0:14,2.26,-74.00556946,40.72713089,-73.99478149,40.75506973,13.39
01/09/2015 0:06,01/09/2015 0:20,4.45,-74.0013504,40.73114014,-73.95771027,40.77690887,15.8
01/09/2015 0:06,01/09/2015 0:13,1.2,-73.97890472,40.75989151,-73.97013855,40.74886322,8.3
01/09/2015 0:06,01/09/2015 0:11,1.3,-73.96651459,40.76467514,-73.95410156,40.77697372,8.76
01/09/2015 0:06,01/09/2015 0:10,0.7,-73.95853424,40.76465225,-73.9675293,40.76328659,6.3
01/09/2015 0:06,01/09/2015 0:08,0.3,-73.97924805,40.74995804,-73.97434998,40.74879837,6.2
01/09/2015 0:06,01/09/2015 0:10,0.9,-73.9771347,40.74993515,-73.97875214,40.73937225,6.3
01/09/2015 0:06,01/09/2015 0:14,1.52,-73.98471069,40.7483139,-73.99580383,40.75910568,8.3
01/09/2015 0:06,01/09/2015 0:35,8.3,-73.98908997,40.75598907,-73.98389435,40.76059723,35.15
01/09/2015 0:06,01/09/2015 0:31,19.3,-73.77863312,40.64680481,-73.94997406,40.77800369,58.34
01/09/2015 0:06,01/09/2015 0:09,0.6,-73.99247742,40.74325943,-73.99156952,40.74993134,5.8
01/09/2015 0:06,01/09/2015 0:11,1.3,-73.97464752,40.76209259,-73.99105835,40.75570679,9.57
01/09/2015 0:06,01/09/2015 0:21,5.09,-73.96702576,40.76394272,-73.99571228,40.71040726,20.3
01/09/2015 0:06,01/09/2015 0:20,2.62,-73.98381042,40.72564316,-73.99375153,40.75190735,13.3
01/09/2015 0:06,01/09/2015 0:20,3.64,-73.98924255,40.7456665,-73.94739532,40.77600861,17.76
01/09/2015 0:06,01/09/2015 0:14,1.4,-73.97145081,40.76357269,-73.98952484,40.76285553,8.3
01/09/2015 0:06,01/09/2015 0:10,0.75,-73.99352264,40.72132874,-73.98789215,40.73020935,7.56
01/09/2015 0:06,01/09/2015 0:24,4.6,-73.9641037,40.7706604,-73.90734863,40.74583817,21.95
01/09/2015 0:06,01/09/2015 0:06,0.3,-73.97557831,40.75799942,-73.97531128,40.75779343,3.8
01/09/2015 0:06,01/09/2015 0:21,8.17,-73.87296295,40.77407074,-73.97829437,40.74591064,37.01
01/09/2015 0:06,01/09/2015 0:12,1.7,-73.95554352,40.77961349,-73.98040771,40.78829956,9.8
01/09/2015 0:06,01/09/2015 0:29,17.2,-73.77718353,40.64677811,-73.97611237,40.74468994,66.34
01/09/2015 0:06,01/09/2015 0:28,10.67,-73.87122345,40.77384567,-74.0054245,40.73088837,38.3
01/09/2015 0:06,01/09/2015 0:09,0.73,-74.00055695,40.74239349,-73.99282837,40.74862671,5.8
01/09/2015 0:06,01/09/2015 0:14,1.4,-73.96881104,40.75474548,-73.98957062,40.75694656,8.8
01/09/2015 0:06,01/09/2015 0:11,1.1,-73.97981262,40.75209808,-73.97093201,40.76539993,6.8
01/09/2015 0:06,01/09/2015 0:18,1.9,-73.96999359,40.76309204,-73.98286438,40.77487946,14.15
01/09/2015 0:06,01/09/2015 0:19,7.23,-73.87104797,40.77398682,-73.95071411,40.71097183,27.88
01/09/2015 0:06,01/09/2015 0:08,0.32,-73.99075317,40.73078537,-73.98731995,40.73307037,4.8
01/09/2015 0:06,01/09/2015 0:17,3.37,-74.00881958,40.71600723,-73.99099731,40.75577927,13.8
01/09/2015 0:06,01/09/2015 0:13,2.39,-73.98236847,40.7766304,-73.959198,40.8019104,12.88
01/09/2015 0:06,01/09/2015 0:25,16,-73.87490082,40.77384186,-73.71344757,40.67735291,52.8
01/09/2015 0:06,01/09/2015 0:13,1.6,-73.98473358,40.74830627,-73.98632813,40.76206589,8.8
01/09/2015 0:06,01/09/2015 0:35,7.22,-73.98226929,40.75767136,-73.91217041,40.82141113,33.96
01/09/2015 0:06,01/09/2015 0:13,2.38,-74.01421356,40.70623016,-73.99636841,40.7379303,10.3
01/09/2015 0:06,01/09/2015 0:08,0.4,-73.9755249,40.75208282,-73.9707489,40.74862671,7.8
01/09/2015 0:06,01/09/2015 0:13,1.81,-74.00241089,40.75027084,-74.00449371,40.73065186,8.8
01/09/2015 0:06,01/09/2015 0:09,0.71,-73.9906311,40.7610817,-73.99739838,40.75391388,6.96
01/09/2015 0:06,01/09/2015 0:13,1.3,-73.93230438,40.6973877,-73.91356659,40.68864441,8.3
01/09/2015 0:06,01/09/2015 0:17,3.93,-74.01616669,40.70669174,-73.97901917,40.66590881,20.34
01/09/2015 0:06,01/09/2015 0:32,7.95,-73.91342163,40.83261871,-73.95484924,40.80432892,27.3
01/09/2015 0:06,01/09/2015 0:26,5.3,-73.99543762,40.73937988,-73.95742035,40.80424881,23.76
01/09/2015 0:06,01/09/2015 0:08,0.6,-73.98966217,40.734272,-73.9991684,40.73830795,5.3
01/09/2015 0:06,01/09/2015 0:17,3.5,-73.98235321,40.74018478,-73.94861603,40.77917862,15.95
01/09/2015 0:06,01/09/2015 0:10,0.9,-73.98730469,40.75579071,-73.9831543,40.76439285,6.3
01/09/2015 0:06,01/09/2015 0:06,1.3,-73.98342896,40.7412262,-73.98342133,40.74122238,3.8
01/09/2015 0:06,01/09/2015 0:23,10.22,-73.87288666,40.7740593,-73.92884064,40.86582184,44.8
01/09/2015 0:06,01/09/2015 0:14,1.7,-73.96884918,40.75838852,-73.95012665,40.77223587,10.5
01/09/2015 0:06,01/09/2015 0:25,4.5,-73.98051453,40.73055267,-73.9649353,40.68832779,19.3
01/09/2015 0:06,01/09/2015 0:25,4.04,-74.00675201,40.73033142,-73.96378326,40.75606155,21.62
01/09/2015 0:06,01/09/2015 0:17,2.3,-73.99869537,40.7198143,-73.99287415,40.6974678,13.8
01/09/2015 0:06,01/09/2015 0:35,7.3,-74.00803375,40.72359467,-73.92494202,40.76117325,27.3
01/09/2015 0:06,01/09/2015 0:12,1.2,-73.98986053,40.72956085,-73.98188019,40.74245834,8.8
01/09/2015 0:06,01/09/2015 0:15,1.3,-73.98631287,40.7567482,-73.96981812,40.75732803,11.15
01/09/2015 0:06,01/09/2015 0:26,5.2,-73.98821259,40.74560547,-73.96803284,40.80023956,24.36
01/09/2015 0:06,01/09/2015 0:10,0.7,-73.97531128,40.75638962,-73.97359467,40.74779892,7.55
01/09/2015 0:06,01/09/2015 0:18,2,-74.00038147,40.7322197,-73.99333191,40.75255966,13.55
01/09/2015 0:06,01/09/2015 0:26,10.44,-73.79016876,40.64709473,-73.93081665,40.6848259,31.3
01/09/2015 0:06,01/09/2015 0:24,7.97,-73.87091064,40.7737999,-73.95565796,40.80672073,34.84
01/09/2015 0:06,01/09/2015 0:10,0.6,-73.9927063,40.74281693,-73.98713684,40.73662567,6.3
01/09/2015 0:06,01/09/2015 0:08,0.2,-73.98960114,40.72985458,-73.98694611,40.73300171,4.8
01/09/2015 0:06,01/09/2015 0:15,1.54,-73.98374176,40.74969101,-73.9803772,40.73437881,9.8
01/09/2015 0:06,01/09/2015 0:12,1,-73.97137451,40.75763321,-73.97573853,40.74482346,8.75
01/09/2015 0:06,01/09/2015 0:12,1.39,-73.98527527,40.75035858,-73.99253845,40.73422623,7.8
01/09/2015 0:06,01/09/2015 0:27,3.9,-74.003479,40.74149323,-74.00567627,40.71027756,17.8
01/09/2015 0:06,01/09/2015 0:21,4.3,-73.98262024,40.74531937,-73.94450378,40.79906082,18.8
01/09/2015 0:06,01/09/2015 0:17,2.76,-73.98216248,40.77207947,-73.9577713,40.8021698,14.76
01/09/2015 0:06,01/09/2015 0:23,10.6,-73.86400604,40.77000427,-73.98303986,40.68970108,36.3
01/09/2015 0:06,01/09/2015 0:10,0.94,-74.00067139,40.74621964,-73.98643494,40.74335861,7.56
01/09/2015 0:06,01/09/2015 0:11,1.04,-74.00130463,40.73117828,-73.98960114,40.72621155,7.3
01/09/2015 0:06,01/09/2015 0:10,1.22,-73.9462204,40.74564362,-73.95528412,40.73677826,8.84
01/09/2015 0:06,01/09/2015 0:19,4.44,-74.00894928,40.70597076,-73.98815155,40.73794937,21
01/09/2015 0:06,01/09/2015 0:19,7.04,-73.87082672,40.77371597,-73.94465637,40.79254532,32.81
01/09/2015 0:06,01/09/2015 0:20,6.7,-73.98232269,40.77191925,-73.93891907,40.844841,25.56
01/09/2015 0:06,01/09/2015 0:23,4.2,-73.99843597,40.74536514,-73.95639801,40.77139282,20.75
01/09/2015 0:06,01/09/2015 0:11,0.9,-74.01020813,40.72053909,-74.00912476,40.70990753,8.15
01/09/2015 0:06,01/09/2015 0:13,1.59,-73.9990387,40.73926163,-73.97985077,40.7522583,8.3
01/09/2015 0:06,01/09/2015 0:13,1.29,-73.98368073,40.75004578,-73.97727203,40.76427078,9.36
01/09/2015 0:06,01/09/2015 0:12,1.12,-73.99725342,40.72211075,-73.98889923,40.73658371,8.8
01/09/2015 0:06,01/09/2015 0:15,2.2,-73.9888916,40.73658752,-73.96580505,40.75432587,12.35
01/09/2015 0:06,01/09/2015 0:10,1,-73.98291016,40.77424622,-73.97663116,40.78863525,8.16
01/09/2015 0:06,01/09/2015 0:18,1.34,-73.98532867,40.76103973,-73.98879242,40.74819946,10.8
01/09/2015 0:06,01/09/2015 0:15,1.64,-73.94944763,40.70504379,-73.92543793,40.69160843,10.8
01/09/2015 0:06,01/09/2015 0:24,4.2,-73.984375,40.7402153,-73.98258209,40.68631744,20.75
01/09/2015 0:06,01/09/2015 0:10,1.17,-73.99727631,40.72229385,-73.99331665,40.73601151,7.9
01/09/2015 0:06,01/09/2015 0:20,4.03,-73.99172974,40.754879,-73.94796753,40.79140854,17.3
01/09/2015 0:06,01/09/2015 0:09,0.74,-73.98574829,40.74695969,-73.97972107,40.75220108,5.8
01/09/2015 0:06,01/09/2015 0:09,0.75,-73.95974731,40.76588058,-73.96045685,40.75782013,6.8
01/09/2015 0:06,01/09/2015 0:26,8.84,-73.87309265,40.77416992,-73.98120117,40.75605011,41.05
01/09/2015 0:06,01/09/2015 0:16,2.65,-73.98534393,40.72745132,-73.99646759,40.75351334,13.56
01/09/2015 0:06,01/09/2015 0:08,0.37,-73.98802948,40.75434875,-73.98684692,40.75072098,4.3
01/09/2015 0:06,01/09/2015 0:18,2.5,-73.98881531,40.75867844,-74.00804138,40.73973846,11.8
01/09/2015 0:06,01/09/2015 0:12,1.58,-73.94766235,40.77930832,-73.94582367,40.79628754,9.3
01/09/2015 0:06,01/09/2015 0:11,0.8,-73.9331131,40.79510117,-73.94285583,40.79909515,6.8
01/09/2015 0:06,01/09/2015 0:13,1.45,-73.99862671,40.71975327,-73.98199463,40.72856522,9.3
01/09/2015 0:06,01/09/2015 0:16,2.5,-73.97457886,40.79335022,-73.97704315,40.75991058,11.8
01/09/2015 0:06,01/09/2015 0:10,1.09,-74.00673676,40.73585129,-73.99484253,40.74607086,7.56
01/09/2015 0:06,01/09/2015 0:13,1.59,-73.98191833,40.7577095,-73.99138641,40.74237061,11.44
01/09/2015 0:06,01/09/2015 0:12,1.87,-73.98216248,40.75188828,-73.99929047,40.73389053,11.44
01/09/2015 0:06,01/09/2015 0:16,2,-74.00598907,40.74004364,-73.9910965,40.7619133,10.3
01/09/2015 0:06,01/09/2015 0:14,1.3,-73.98748779,40.73331833,-73.97771454,40.72211075,8.3
01/09/2015 0:06,01/09/2015 0:11,0.86,-73.98783875,40.71858978,-73.97870636,40.72423935,6.3
01/09/2015 0:06,01/09/2015 0:15,1.8,-73.97740173,40.77445984,-73.95740509,40.78282166,10.3
01/09/2015 0:06,01/09/2015 0:13,1.75,-74.00627899,40.73367691,-73.99430847,40.75491333,9.3
01/09/2015 0:06,01/09/2015 0:15,4.71,-73.97368622,40.79452515,-73.93985748,40.84596634,16.3
01/09/2015 0:06,01/09/2015 0:09,0.64,-73.89125824,40.74605179,-73.88289642,40.74156952,5.3
01/09/2015 0:06,01/09/2015 0:20,2.6,-73.991539,40.74907303,-73.98262024,40.72414017,12.8
01/09/2015 0:06,01/09/2015 0:33,18.2,-73.78177643,40.64479828,-73.98146057,40.72130585,63.35
01/09/2015 0:06,01/09/2015 0:15,1.1,-73.99019623,40.75701523,-73.98153687,40.74700928,8.3
01/09/2015 0:06,01/09/2015 0:10,0.7,-73.98428345,40.75509262,-73.98617554,40.76233673,6.95
01/09/2015 0:06,01/09/2015 0:35,7.35,-73.99208832,40.74743652,-73.91689301,40.70292282,29.3
01/09/2015 0:06,01/09/2015 0:25,8.54,-73.87081909,40.77370834,-73.98069,40.742939,38.81
01/09/2015 0:06,01/09/2015 0:18,3.1,-73.98978424,40.71399307,-73.94777679,40.69776154,13.3
01/09/2015 0:06,01/09/2015 0:14,1,-73.98217773,40.7627182,-73.98596191,40.75033188,7.8
01/09/2015 0:06,01/09/2015 0:11,0.5,-73.97540283,40.75963974,-73.96788788,40.75577164,7.55
01/09/2015 0:06,01/09/2015 0:15,2.53,-73.97174835,40.75712967,-73.9484024,40.78239059,13.56
01/09/2015 0:06,01/09/2015 0:11,1.19,-73.97857666,40.76422882,-73.98789215,40.77537155,6.8
01/09/2015 0:06,01/09/2015 0:20,3.73,-73.93792725,40.82840729,-73.95323944,40.78525162,17.16
01/09/2015 0:06,01/09/2015 0:23,4.44,-73.97609711,40.74024582,-73.96118164,40.78104019,20.76
01/09/2015 0:07,01/09/2015 0:15,3.6,-73.98986053,40.7141037,-73.95037079,40.72882843,13.3
01/09/2015 0:07,01/09/2015 0:19,2.8,-73.98478699,40.76844406,-74.00808716,40.73866272,14.75
01/09/2015 0:07,01/09/2015 0:18,5.3,-73.77645874,40.64620972,-73.79458618,40.69197083,17.3
01/09/2015 0:07,01/09/2015 0:43,8.55,-73.9828186,40.76311874,-73.90857697,40.69491959,47.89
01/09/2015 0:07,01/09/2015 0:11,0.76,-73.94190216,40.83839035,-73.94875336,40.82902145,8.19
01/09/2015 0:07,01/09/2015 0:15,2.27,-73.97119141,40.75809097,-73.99085236,40.73152161,11.3
01/09/2015 0:07,01/09/2015 0:16,3.17,-73.98593903,40.72682571,-73.95916748,40.76664734,14.75
01/09/2015 0:07,01/09/2015 0:12,1.07,-73.98149109,40.76813126,-73.98999786,40.77473068,8.76
01/09/2015 0:07,01/09/2015 0:15,1.3,-73.99798584,40.72258759,-74.0016861,40.73735428,9.8
01/09/2015 0:07,01/09/2015 0:41,18.7,-73.78186035,40.64493942,-73.99820709,40.7612915,58.34
01/09/2015 0:07,01/09/2015 0:13,0.98,-74.00885773,40.71604156,-74.0076828,40.70571899,7.3
01/09/2015 0:07,01/09/2015 0:14,1.8,-73.9864502,40.72612762,-73.99552155,40.74399948,11.15
01/09/2015 0:07,01/09/2015 0:12,1.55,-73.95948792,40.80119705,-73.974617,40.78825378,8.8
01/09/2015 0:07,01/09/2015 0:15,1.5,-74.00624847,40.7405014,-73.99233246,40.75391006,8.8
01/09/2015 0:07,01/09/2015 0:08,0.61,-73.98799133,40.76489639,-73.99385071,40.75981522,5.3
01/09/2015 0:07,01/09/2015 0:10,0.58,-73.95896912,40.77760696,-73.95385742,40.78472137,6.96
01/09/2015 0:07,01/09/2015 0:16,1.88,-73.98222351,40.7611351,-74.00028992,40.73971558,11.3
01/09/2015 0:07,01/09/2015 0:14,2,-73.99910736,40.75439453,-74.00926971,40.73186874,11
01/09/2015 0:07,01/09/2015 0:14,2.6,-73.97480774,40.74240875,-73.95088959,40.7748642,12.95
01/09/2015 0:07,01/09/2015 0:16,2,-73.99591064,40.76444244,-73.98783112,40.74411392,12.35
01/09/2015 0:07,01/09/2015 0:10,1.05,-73.99451447,40.75587845,-74.00409698,40.74274063,6.3
01/09/2015 0:07,01/09/2015 0:11,0.6,-74.00371552,40.7223053,-73.99491119,40.72095871,6.3
01/09/2015 0:07,01/09/2015 0:18,3.4,-73.98329163,40.75005341,-73.95010376,40.78636932,16.55
01/09/2015 0:07,01/09/2015 0:15,1.99,-73.9537735,40.77923965,-73.97106171,40.7881012,9.8
01/09/2015 0:07,01/09/2015 0:14,1.4,-73.92311096,40.76086044,-73.94339752,40.7468338,8.8
01/09/2015 0:07,01/09/2015 0:23,8,-73.78987885,40.64699554,-73.72961426,40.70458984,24.8
01/09/2015 0:07,01/09/2015 0:20,3.9,-73.99417877,40.74589157,-73.99382782,40.70073318,17.3
01/09/2015 0:07,01/09/2015 0:34,6.97,-73.98088837,40.75415039,-73.93998718,40.70879364,30
01/09/2015 0:07,01/09/2015 0:41,17.52,-73.79138947,40.64574051,-73.97413635,40.76125336,58.34
01/09/2015 0:07,01/09/2015 0:10,1.13,-73.95735931,40.76602936,-73.9647522,40.75543976,6.8
01/09/2015 0:07,01/09/2015 0:17,3.2,-73.98602295,40.72283936,-73.97802734,40.6944313,13.3
01/09/2015 0:07,01/09/2015 0:11,0.9,-73.9719696,40.78214645,-73.95935059,40.77426147,6.8
01/09/2015 0:07,01/09/2015 0:24,5.8,-73.95478058,40.73450089,-73.98614502,40.67861938,20.8
01/09/2015 0:07,01/09/2015 0:38,11.4,-73.86268616,40.7688446,-73.9903183,40.77178192,49.59
01/09/2015 0:07,01/09/2015 0:23,4.25,-73.98200989,40.72111511,-73.9810791,40.67559814,21.84
01/09/2015 0:07,01/09/2015 0:14,1.19,-73.97190857,40.76008987,-73.98594666,40.75231171,9.96
01/09/2015 0:07,01/09/2015 0:15,1.75,-74.00401306,40.72555161,-73.98268127,40.73125076,9.3
01/09/2015 0:07,01/09/2015 0:13,0.98,-73.97621918,40.75133133,-73.98872375,40.74798965,8.76
01/09/2015 0:07,01/09/2015 0:11,1.4,-73.98473358,40.75519943,-73.99868011,40.74002838,9.45
01/09/2015 0:07,01/09/2015 0:25,5.3,-73.98999786,40.73466492,-73.93984985,40.79809189,19.3
01/09/2015 0:07,01/09/2015 0:17,2.13,-73.9821167,40.77240753,-73.96526337,40.75504684,13.5
01/09/2015 0:14,01/09/2015 0:24,1.9,-73.98775482,40.72115326,-74.00173187,40.73564911,11.3
01/09/2015 0:14,01/09/2015 0:28,2.98,-73.92545319,40.69145584,-73.9602356,40.67446136,13.8
01/09/2015 0:14,01/09/2015 0:18,0.87,-73.98638916,40.74143982,-73.97725677,40.75033951,6.3
01/09/2015 0:14,01/09/2015 0:31,3.8,-73.99936676,40.72829819,-73.99610138,40.76741409,21
01/09/2015 0:14,01/09/2015 0:24,2.18,-73.96797943,40.80006027,-73.93971252,40.79021835,12.3
01/09/2015 0:14,01/09/2015 0:23,2.77,-73.97755432,40.78683853,-73.94564819,40.79883194,11.3
01/09/2015 0:14,01/09/2015 0:25,1.9,-73.97702026,40.74748993,-73.99056244,40.76334,12.36
01/09/2015 0:14,01/09/2015 0:24,4.47,-73.78209686,40.64471054,-73.77046967,40.68117142,19.75
01/09/2015 0:14,01/09/2015 0:34,10.52,-73.87454987,40.77415085,-74.00798798,40.70676041,33.8
01/09/2015 0:14,01/09/2015 0:23,3.1,-73.97006989,40.76575089,-73.96826172,40.79961777,13.3
01/09/2015 0:14,01/09/2015 0:30,3.86,-73.99449158,40.75062561,-73.95336914,40.77685928,17.8
01/09/2015 0:14,01/09/2015 0:17,0.88,-73.97407532,40.75143051,-73.96595764,40.76251984,7.56
01/09/2015 0:14,01/09/2015 0:41,7.95,-73.98370361,40.73828888,-73.95098114,40.82053375,27.8
01/09/2015 0:14,01/09/2015 0:21,1.4,-74.00772858,40.74085236,-74.00442505,40.75229263,10.55
01/09/2015 0:14,01/09/2015 0:25,2.49,-74.00013733,40.74618149,-73.9702301,40.75674057,11.8
01/09/2015 0:14,01/09/2015 0:24,1.63,-74.00021362,40.72869492,-73.9783783,40.72957993,11.76
01/09/2015 0:14,01/09/2015 0:20,1.28,-73.99700928,40.74608231,-74.00862122,40.73296356,9.8
01/09/2015 0:14,01/09/2015 0:29,3.06,-73.98207092,40.77526855,-73.95256805,40.7666626,14.8
01/09/2015 0:14,01/09/2015 0:20,1.1,-73.97936249,40.72347641,-73.98220825,40.73130798,9.35
01/09/2015 0:14,01/09/2015 0:41,8.08,-73.97901917,40.76679611,-73.9637146,40.67375183,34.84
01/09/2015 0:14,01/09/2015 0:29,2.88,-73.98845673,40.72006226,-74.01396942,40.70960617,14.8
01/09/2015 0:14,01/09/2015 0:24,1.57,-74.00121307,40.73115921,-73.98677063,40.74586105,10.3
01/09/2015 0:14,01/09/2015 0:28,3.67,-73.97799683,40.7252388,-73.9822998,40.76267624,14.8
01/09/2015 0:14,01/09/2015 0:30,8.2,-73.96098328,40.77515793,-73.99326324,40.69732285,30.35
01/09/2015 0:14,01/09/2015 1:06,15.17,-73.98180389,40.77368164,-73.90294647,40.64819336,53.8
01/09/2015 0:14,01/09/2015 0:39,7.02,-73.98846436,40.75666046,-73.9830246,40.67427063,30.36
01/09/2015 0:14,01/09/2015 0:20,1.26,-73.99273682,40.74291229,-73.99176025,40.75480652,7.3
01/09/2015 0:14,01/09/2015 0:20,1.1,-73.98893738,40.73480225,-74.00392151,40.73736954,8.3
01/09/2015 0:14,01/09/2015 0:39,7.26,-73.99449158,40.74040604,-73.94087219,40.82424545,30.36
01/09/2015 0:14,01/09/2015 0:20,1.49,-73.97943115,40.75127792,-73.96253204,40.75611877,9.36
01/09/2015 0:14,01/09/2015 0:17,0.52,-74.00463867,40.74213028,-74.00662994,40.7358017,5.8
01/09/2015 0:14,01/09/2015 0:22,1.91,-73.98213959,40.76900101,-73.99421692,40.74609756,10.3
01/09/2015 0:14,01/09/2015 0:21,1.41,-73.98822784,40.75917816,-73.9768219,40.74752045,8.3
01/09/2015 0:14,01/09/2015 0:20,0.9,-73.98117828,40.75898361,-73.98934937,40.76609421,9.12
01/09/2015 0:14,01/09/2015 0:22,3.43,-73.78990936,40.64730835,-73.80677032,40.6659317,16.64
01/09/2015 0:14,01/09/2015 0:19,1,-73.97532654,40.75740814,-73.98470306,40.74845123,6.8
01/09/2015 0:14,01/09/2015 0:24,1.62,-73.99475861,40.75033188,-73.97982025,40.74142838,11.76
01/09/2015 0:14,01/09/2015 0:37,9.06,-73.7818222,40.64487076,-73.75602722,40.59646225,29.3
01/09/2015 0:14,01/09/2015 0:32,5.1,-73.98815918,40.74558258,-73.95487976,40.80677032,23.16
01/09/2015 0:14,01/09/2015 0:25,2,-73.99474335,40.72674942,-74.00693512,40.74411011,10.8
01/09/2015 0:14,01/09/2015 0:24,0.98,-74.0079422,40.74124146,-74.00673676,40.7358284,8.3
01/09/2015 0:14,01/09/2015 0:23,1.43,-73.97898865,40.72425079,-74.00122833,40.72764206,11.16
01/09/2015 0:14,01/09/2015 0:21,1,-73.98957825,40.76052856,-73.97544098,40.75733185,7.3
01/09/2015 0:14,01/09/2015 0:17,0.7,-73.97299194,40.76433563,-73.97969055,40.75515366,6.95
01/09/2015 0:14,01/09/2015 0:16,0.43,-73.9910202,40.73406601,-73.99714661,40.73714066,4.8
01/09/2015 0:14,01/09/2015 0:18,0.73,-73.94069672,40.79312134,-73.94393921,40.78715134,6.3
01/09/2015 0:14,01/09/2015 0:38,12.5,-73.96065521,40.79737473,-73.82784271,40.71284866,42.84
01/09/2015 0:14,01/09/2015 0:20,0.78,-73.99127197,40.72341156,-73.989151,40.73157883,6.8
01/09/2015 0:14,01/09/2015 0:26,2.1,-73.98208618,40.77217865,-73.96520996,40.76366043,14.75
01/09/2015 0:14,01/09/2015 0:22,3.26,-73.8744278,40.77406693,-73.92507172,40.77043533,15.36
01/09/2015 0:14,01/09/2015 0:33,5.77,-73.98908234,40.72027969,-73.94550323,40.66273117,20.3
01/09/2015 0:14,01/09/2015 0:18,1.4,-73.97130585,40.75743866,-73.97831726,40.74157333,8.76
01/09/2015 0:14,01/09/2015 0:19,0.94,-73.98342133,40.73902512,-73.99858093,40.74531555,6.8
01/09/2015 0:14,01/09/2015 0:23,1.8,-73.93665314,40.84922409,-73.91390991,40.85383987,11.75
01/09/2015 0:14,01/09/2015 0:22,2.07,-73.96651459,40.7534256,-73.9890213,40.74185181,9.8
01/09/2015 0:14,01/09/2015 0:18,1.12,-73.97581482,40.75163651,-73.98326111,40.73797226,8.16
01/09/2015 0:14,01/09/2015 0:16,0.47,-73.98767853,40.7686882,-73.98729706,40.76279831,5.3
01/09/2015 0:14,01/09/2015 0:21,1.7,-74.00935364,40.74741364,-74.00932312,40.72496796,11.15
01/09/2015 0:14,01/09/2015 0:38,8.3,-73.98175049,40.76696396,-73.85777283,40.73244095,31.3
01/09/2015 0:07,01/09/2015 0:16,2.39,-73.97324371,40.78504944,-73.95301819,40.80683136,12.96
01/09/2015 0:07,01/09/2015 0:14,0.94,-73.98310089,40.72262192,-73.99716949,40.72886658,7.3
01/09/2015 0:07,01/09/2015 0:13,1.18,-73.97229767,40.75645065,-73.98943329,40.75746536,7.8
01/09/2015 0:07,01/09/2015 0:15,1.19,-73.98873901,40.73120117,-74.00628662,40.73022461,9.45
01/09/2015 0:07,01/09/2015 0:12,1.46,-73.99159241,40.74425125,-73.97283936,40.74897003,8.76
01/09/2015 0:07,01/09/2015 0:19,2.63,-73.98226929,40.76913071,-73.98905182,40.73873138,13.3
01/09/2015 0:07,01/09/2015 0:18,3.1,-73.99729919,40.72228241,-73.97412872,40.68618011,14.3
01/09/2015 0:07,01/09/2015 0:14,2,-73.97758484,40.75350952,-73.99289703,40.73674393,9.3
01/09/2015 0:07,01/09/2015 0:10,0.57,-73.98940277,40.74798965,-73.99829865,40.74528885,5.3
01/09/2015 0:07,01/09/2015 0:23,4.19,-73.9549942,40.71412659,-73.89528656,40.69857407,16.3
01/09/2015 0:07,01/09/2015 0:10,0.67,-73.97599792,40.75122833,-73.97238159,40.74512863,6.96
01/09/2015 0:07,01/09/2015 0:10,1,-73.95423889,40.77453613,-73.95953369,40.76282501,7.56
01/09/2015 0:07,01/09/2015 0:26,9.6,-73.99824524,40.74498749,-73.92919159,40.85549545,34.55
01/09/2015 0:07,01/09/2015 0:28,8.55,-74.00498962,40.71881866,-73.92607117,40.74382401,30.3
01/09/2015 0:07,01/09/2015 0:24,4.25,-73.9772644,40.7646904,-73.91933441,40.76134872,18.8
01/09/2015 0:07,01/09/2015 0:18,2.5,-73.97963715,40.76721954,-73.96012115,40.7979393,11.8
01/09/2015 0:07,01/09/2015 0:11,0.8,-73.97458649,40.75268936,-73.98756409,40.75849152,5.8
01/09/2015 0:07,01/09/2015 0:14,0.84,-73.9821701,40.74334717,-73.99118805,40.75018311,7.8
01/09/2015 0:07,01/09/2015 0:12,1.39,-73.98475647,40.74998093,-73.99232483,40.73445129,9.36
01/09/2015 0:07,01/09/2015 0:12,1.23,-73.98545837,40.7529068,-73.97307587,40.76441193,9.75
01/09/2015 0:07,01/09/2015 0:15,2.38,-73.98049927,40.73021698,-73.9621582,40.75930023,10.3
01/09/2015 0:07,01/09/2015 0:16,1.5,-73.98027802,40.74242783,-73.99340057,40.75621414,11.6
01/09/2015 0:07,01/09/2015 0:26,7.51,-73.78196716,40.64483643,-73.78690338,40.71028519,24.3
01/09/2015 0:07,01/09/2015 0:18,1.96,-74.001297,40.73102188,-74.00947571,40.71021271,12.96
01/09/2015 0:07,01/09/2015 0:21,2.72,-73.98123932,40.74716949,-73.97885132,40.77661133,14.3
01/09/2015 0:07,01/09/2015 0:11,1.16,-73.91886139,40.74345398,-73.91680145,40.75757599,6.8
01/09/2015 0:07,01/09/2015 0:16,2,-73.98213196,40.76109695,-74.00187683,40.73854065,11.75
01/09/2015 0:07,01/09/2015 0:14,1.75,-73.97112274,40.75512695,-73.990242,40.75136185,8.8
01/09/2015 0:07,01/09/2015 0:28,13.69,-73.78939819,40.64671707,-73.92789459,40.70508575,47.16
01/09/2015 0:07,01/09/2015 0:11,0.5,-73.98653412,40.74131012,-73.9796524,40.74378967,6.95
01/09/2015 0:07,01/09/2015 0:17,2.77,-73.97458649,40.78326035,-73.99500275,40.75003052,14.16
01/09/2015 0:07,01/09/2015 0:10,0.5,-73.96116638,40.70401001,-73.96405029,40.70978165,5.3
01/09/2015 0:07,01/09/2015 0:22,6.82,-73.99038696,40.71957016,-73.97821045,40.65494156,21.8
01/09/2015 0:07,01/09/2015 0:15,2.08,-73.96961212,40.78533936,-73.94377136,40.78884125,9.8
01/09/2015 0:07,01/09/2015 0:09,0.38,-73.98433685,40.75828934,-73.98002625,40.76066971,4.8
01/09/2015 0:07,01/09/2015 0:14,1.28,-73.97541809,40.75989151,-73.99247742,40.75867844,8.3
01/09/2015 0:07,01/09/2015 0:18,2.5,-73.97631836,40.77567291,-73.94354248,40.77669144,12.8
01/09/2015 0:07,01/09/2015 0:17,1.3,-73.99967957,40.72836685,-73.98764801,40.73276901,8.3
01/09/2015 0:07,01/09/2015 0:15,2.8,-73.96800995,40.75125122,-73.94278717,40.78580856,12.8
01/09/2015 0:07,01/09/2015 0:25,8,-73.86904144,40.76971054,-73.97665405,40.74934387,30.84
01/09/2015 0:07,01/09/2015 0:12,1.1,-73.98623657,40.76678467,-73.98638153,40.77895355,8.75
01/09/2015 0:07,01/09/2015 0:07,19.56,-73.97583771,40.76369095,-73.96161652,40.714077,65.3
01/09/2015 0:07,01/09/2015 0:18,4.4,-73.862854,40.76930237,-73.85708618,40.74237442,15.3
01/09/2015 0:07,01/09/2015 0:10,0.6,-73.99765778,40.72428131,-74.00248718,40.7263298,5.8
01/09/2015 0:07,01/09/2015 0:21,4.2,-73.9967041,40.72127151,-74.03276825,40.71697998,108.8
01/09/2015 0:07,01/09/2015 0:18,2.65,-73.99240875,40.74860001,-73.99156189,40.71942139,14.16
01/09/2015 0:07,01/09/2015 0:26,8.53,-73.87297821,40.77414322,-73.97003937,40.75709534,37.61
01/09/2015 0:07,01/09/2015 0:10,0.9,-73.98535919,40.75789261,-73.98458862,40.76726913,5.8
01/09/2015 0:07,01/09/2015 0:11,0.7,-74.00281525,40.71565628,-74.00662994,40.70787048,7.55
01/09/2015 0:07,01/09/2015 0:20,3.81,-73.96949768,40.76052856,-73.9932785,40.7138443,14.3
01/09/2015 0:07,01/09/2015 0:12,1.4,-73.98474884,40.75026321,-73.99238586,40.73439789,7.3
01/09/2015 0:07,01/09/2015 0:18,2.94,-73.96083832,40.76113129,-73.98557281,40.72769165,11.8
01/09/2015 0:07,01/09/2015 0:15,1.26,-74.00396729,40.74198914,-74.00389099,40.74182129,8.8
01/09/2015 0:07,01/09/2015 0:25,8.02,-73.9913559,40.73498154,-73.92464447,40.80642319,25.3
01/09/2015 0:07,01/09/2015 0:10,0.7,-73.97193146,40.78708649,-73.97943115,40.77770615,5.8
01/09/2015 0:07,01/09/2015 0:20,3.48,-73.9171524,40.68899155,-73.97247314,40.68619156,17.88
01/09/2015 0:07,01/09/2015 0:28,4.3,-73.99450684,40.75599289,-74.00637817,40.70992661,20.8
01/09/2015 0:07,01/09/2015 0:15,2.7,-74.00199127,40.7299881,-73.98025513,40.76429749,10.8
01/09/2015 0:07,01/09/2015 0:16,1.57,-74.01441956,40.71443176,-74.00498199,40.7075882,12.74
01/09/2015 0:07,01/09/2015 0:15,2.3,-74.00534821,40.7221756,-73.99040222,40.75065613,12.36
01/09/2015 0:07,01/09/2015 0:29,8.86,-73.87294006,40.77397919,-73.98204803,40.75547028,40.61
01/09/2015 0:07,01/09/2015 0:12,1,-74.0148468,40.71485519,-74.0027771,40.71679688,10.8
01/09/2015 0:07,01/09/2015 0:14,1,-73.98875427,40.75649261,-73.97894287,40.76252365,9.1
01/09/2015 0:07,01/09/2015 0:32,9.7,-73.97054291,40.75893784,-73.97167206,40.67088318,46.84
01/09/2015 0:07,01/09/2015 0:15,2.12,-74.00533295,40.73709106,-73.99828339,40.76073837,9.8
01/09/2015 0:07,01/09/2015 0:24,3.9,-73.99008179,40.75679016,-73.95603943,40.80350876,18.8
01/09/2015 0:07,01/09/2015 0:14,1.63,-73.98558044,40.7412796,-74.00431824,40.73117828,9.8
01/09/2015 0:07,01/09/2015 0:55,16.61,-74.01441956,40.71461105,-74.01026154,40.70979309,52.3
01/09/2015 0:07,01/09/2015 0:17,2.36,-74.00231171,40.72639847,-73.98021698,40.74806595,13.56
01/09/2015 0:07,01/09/2015 0:19,2.09,-73.98522949,40.73865891,-73.99803925,40.7145195,13.56
01/09/2015 0:07,01/09/2015 0:07,4.94,-73.97594452,40.7510643,-74.01589203,40.7116127,23.16
01/09/2015 0:07,01/09/2015 0:12,0.56,-73.98880768,40.74475098,-73.9874115,40.73910904,6.3
01/09/2015 0:07,01/09/2015 0:15,1.43,-74.0064621,40.73952103,-73.99411011,40.72818756,9.8
01/09/2015 0:07,01/09/2015 0:18,2.4,-74.00759888,40.74084473,-73.98564911,40.75755692,11.3
01/09/2015 0:07,01/09/2015 0:15,1.62,-73.94525909,40.75042343,-73.94525909,40.75042343,9.3
01/09/2015 0:07,01/09/2015 0:09,0.47,-73.98712158,40.72507477,-73.98307037,40.73082352,4.8
01/09/2015 0:07,01/09/2015 0:23,10.06,-73.87303162,40.774189,-73.98432922,40.6957283,36.62
01/09/2015 0:07,01/09/2015 0:21,2.7,-74.0051651,40.7419014,-73.98735046,40.72196198,13.6
01/09/2015 0:07,01/09/2015 0:28,3.67,-73.98260498,40.75655365,-73.96208954,40.79980087,19.12
01/09/2015 0:07,01/09/2015 0:16,1.5,-73.98735809,40.76598358,-73.9668045,40.76142883,11.15
01/09/2015 0:07,01/09/2015 0:26,10.8,-73.82465363,40.71436691,-73.98103333,40.74769974,69.99
01/09/2015 0:07,01/09/2015 0:09,0.7,-73.98718262,40.75541687,-73.99397278,40.74630356,5.3
01/09/2015 0:07,01/09/2015 0:22,3.5,-73.99430847,40.75588608,-73.95372772,40.77669525,15.3
01/09/2015 0:07,01/09/2015 0:11,0.96,-73.99658203,40.73786163,-73.98544312,40.74215317,7.56
01/09/2015 0:07,01/09/2015 0:21,3.4,-73.98052216,40.75977707,-73.95883179,40.80182266,14.8
01/09/2015 0:07,01/09/2015 0:16,1.5,-74.00641632,40.73957825,-73.99359131,40.72800827,10.55
01/09/2015 0:07,01/09/2015 0:25,8.3,-73.98526001,40.75642395,-73.93499756,40.85340881,31.56
01/09/2015 0:07,01/09/2015 0:27,4.73,-73.98903656,40.76018906,-73.91445923,40.7568779,18.8
01/09/2015 0:07,01/09/2015 0:09,0.19,-73.98562622,40.73176575,-73.98728943,40.73334122,4.3
01/09/2015 0:07,01/09/2015 0:26,9.1,-73.95333099,40.77588272,-73.9933548,40.68299103,33.35
01/09/2015 0:07,01/09/2015 0:17,2.07,-73.98504639,40.73844147,-73.99810028,40.71458054,12.96
01/09/2015 0:07,01/09/2015 0:11,0.8,-73.95582581,40.76396561,-73.96504211,40.75747299,6.3
01/09/2015 0:07,01/09/2015 0:29,6.9,-73.98547363,40.74448395,-73.93947601,40.82601929,22.8
01/09/2015 0:07,01/09/2015 0:39,16.9,-73.8635025,40.7700882,-74.03156281,40.62140274,47.8
01/09/2015 0:08,01/09/2015 0:14,1.5,-73.98847961,40.74315643,-73.98492432,40.75896454,8.3
01/09/2015 0:08,01/09/2015 0:27,5.9,-73.97522736,40.7412529,-73.94989777,40.68704605,21.8
01/09/2015 0:08,01/09/2015 0:52,26.1,-74.00304413,40.73330688,-73.75050354,40.93219757,127.25
01/09/2015 0:08,01/09/2015 0:15,1.6,-74.00025177,40.74283218,-73.99808502,40.76075363,8.8
01/09/2015 0:08,01/09/2015 0:26,4.7,-73.97499084,40.7500267,-73.90919495,40.76697159,23.8
01/09/2015 0:08,01/09/2015 0:20,3.8,-74.00744629,40.71980667,-73.97624207,40.76576614,17.16
01/09/2015 0:08,01/09/2015 0:23,4.07,-74.0014267,40.73628235,-73.94921875,40.71114349,20.16
01/09/2015 0:08,01/09/2015 0:12,1.25,-73.97888947,40.76213074,-73.99552917,40.76480103,8.76
01/09/2015 0:08,01/09/2015 0:18,2.84,-73.97950745,40.75243759,-73.94868469,40.77482605,14.76
01/09/2015 0:08,01/09/2015 0:30,6.38,-73.99542999,40.74445343,-73.91208649,40.76741409,26.76
01/09/2015 0:08,01/09/2015 0:28,10.79,-73.84416199,40.75507736,-73.79051208,40.64417267,31.8
01/09/2015 0:08,01/09/2015 0:14,1.76,-74.00630188,40.73351669,-73.98783875,40.7439003,8.8
01/09/2015 0:08,01/09/2015 0:14,0.99,-74.00643158,40.73968124,-73.9931488,40.73376083,9
01/09/2015 0:08,01/09/2015 0:10,0.75,-73.97855377,40.74818039,-73.98525238,40.73889542,6
01/09/2015 0:08,01/09/2015 0:26,3.85,-73.9848175,40.75879669,-73.98530579,40.73251343,17.8
01/09/2015 0:08,01/09/2015 0:21,2.99,-73.97749329,40.75801086,-73.98465729,40.72441101,13.8
01/09/2015 0:08,01/09/2015 0:17,2.16,-73.98664856,40.72993088,-73.97715759,40.75165939,12.36
01/09/2015 0:08,01/09/2015 0:42,18.37,-73.78199005,40.64486694,-73.97372437,40.75595856,72.92
01/09/2015 0:08,01/09/2015 0:22,7.53,-73.99320221,40.76271057,-73.93348694,40.85438156,26
01/09/2015 0:08,01/09/2015 0:15,1.4,-73.98899841,40.74372864,-73.99952698,40.72844315,8.3
01/09/2015 0:08,01/09/2015 0:24,4.1,-73.97919464,40.76325607,-73.96595764,40.75439453,20.15
01/09/2015 0:08,01/09/2015 0:11,0.65,-74.00127411,40.73101044,-73.99937439,40.73851776,6.96
01/09/2015 0:08,01/09/2015 0:27,12.6,-73.87492371,40.77405167,-73.71108246,40.74214935,35.8
01/09/2015 0:08,01/09/2015 0:13,0.91,-73.99865723,40.74496841,-74.00427246,40.75191116,7.3
01/09/2015 0:08,01/09/2015 0:15,1.36,-74.01008606,40.72036743,-74.00687408,40.70554352,9.96
01/09/2015 0:08,01/09/2015 0:20,3.5,-73.98717499,40.75592422,-73.97419739,40.79560089,18.55
01/09/2015 0:08,01/09/2015 0:35,17.25,-73.7820816,40.64482117,-73.97184753,40.75722122,72.92
01/09/2015 0:08,01/09/2015 0:22,3.63,-73.9875946,40.72187042,-73.97351837,40.68136597,18.36
01/09/2015 0:08,01/09/2015 0:35,10.6,-73.99019623,40.75656509,-73.90556335,40.87997818,33.3
01/09/2015 0:08,01/09/2015 0:25,8.7,-73.8627243,40.76884842,-73.97222137,40.7454567,31.84
01/09/2015 0:08,01/09/2015 0:17,2,-73.98951721,40.74305725,-73.98084259,40.72992325,10.3
01/09/2015 0:08,01/09/2015 0:16,1.68,-73.98223114,40.76114655,-73.99816132,40.7419548,11.16
01/09/2015 0:08,01/09/2015 0:12,1,-73.98743439,40.7330513,-73.98582458,40.74502182,8.15
01/09/2015 0:08,01/09/2015 0:17,1.8,-73.97631836,40.73973465,-73.9905777,40.75616837,9.8
01/09/2015 0:08,01/09/2015 0:25,11.94,-73.86269379,40.76890564,-73.78898621,40.64161301,33.8
01/09/2015 0:08,01/09/2015 0:25,3.9,-73.99893188,40.71992493,-73.96045685,40.71101761,15.3
01/09/2015 0:08,01/09/2015 0:27,5.01,-73.95410156,40.78705978,-74.00266266,40.73992157,21.3
01/09/2015 0:08,01/09/2015 0:16,1.33,-73.99562836,40.71721649,-73.98756409,40.72862625,8.8
01/09/2015 0:08,01/09/2015 0:11,1,-73.98983002,40.75757217,-73.98830414,40.76881409,6.8
01/09/2015 0:08,01/09/2015 0:11,0.65,-74.0098877,40.71873093,-74.00395203,40.72570038,5.8
01/09/2015 0:08,01/09/2015 0:38,8.2,-74.00267792,40.7339859,-73.96511078,40.63970184,35.15
01/09/2015 0:08,01/09/2015 0:11,1,-73.97870636,40.75364304,-73.98100281,40.76396942,7.3
01/09/2015 0:08,01/09/2015 0:22,3.84,-74.00747681,40.71995544,-73.9803009,40.76417542,18.36
01/09/2015 0:08,01/09/2015 0:22,3.33,-73.98667908,40.76156998,-73.94615936,40.78139114,17.76
01/09/2015 0:08,01/09/2015 0:17,1.97,-73.98404694,40.76129913,-73.9592514,40.7717514,10.3
01/09/2015 0:08,01/09/2015 0:18,4.2,-73.94837189,40.78210068,-73.98646545,40.73021698,17.75
01/09/2015 0:08,01/09/2015 0:16,1.5,-73.98343658,40.75466919,-73.98020935,40.73879623,11.6
01/09/2015 0:08,01/09/2015 0:18,2.8,-74.00223541,40.72988129,-73.97264862,40.75487518,14.16
01/09/2015 0:08,01/09/2015 0:21,5.27,-73.95122528,40.82564163,-73.90937042,40.88125229,25.61
01/09/2015 0:08,01/09/2015 0:28,4.19,-73.98373413,40.76789856,-73.98537445,40.73173523,20.8
01/09/2015 0:08,01/09/2015 0:20,3.6,-73.85798645,40.85749817,-73.90660095,40.87382126,14.8
01/09/2015 0:08,01/09/2015 0:22,3.4,-73.99346924,40.76260757,-73.94898987,40.77343369,18.5
01/09/2015 0:08,01/09/2015 0:28,9.97,-73.87301636,40.77414703,-73.94876862,40.67827606,36.36
01/09/2015 0:08,01/09/2015 0:23,4.41,-73.98545074,40.74137878,-73.94065094,40.79737854,16.3
01/09/2015 0:08,01/09/2015 0:15,2,-73.99832916,40.74552155,-73.98432159,40.76977158,11.3
01/09/2015 0:08,01/09/2015 0:12,0.94,-73.93887329,40.70440674,-73.94439697,40.71523666,6.8
01/09/2015 0:08,01/09/2015 0:21,2.29,-73.98509979,40.72755432,-73.98331451,40.73902512,12.3
01/09/2015 0:08,01/09/2015 0:15,1.23,-73.98209381,40.77861404,-73.98897552,40.77433014,9.05
01/09/2015 0:08,01/09/2015 0:39,9.3,-73.98438263,40.74327469,-73.9263916,40.66300201,32.3
01/09/2015 0:08,01/09/2015 0:13,1.68,-73.97203827,40.76572418,-73.96337128,40.77457809,9.3
01/09/2015 0:08,01/09/2015 0:13,0.9,-73.98985291,40.71432495,-73.98116302,40.72090149,8.16
01/09/2015 0:08,01/09/2015 0:31,7,-74.00692749,40.74002838,-73.94139099,40.69102859,24.8
01/09/2015 0:08,01/09/2015 0:21,7.6,-73.87445068,40.77406311,-73.92173767,40.82816696,34
01/09/2015 0:08,01/09/2015 0:12,1.09,-73.97583008,40.74062347,-73.97689056,40.75162125,6.8
01/09/2015 0:08,01/09/2015 0:17,1.41,-73.96896362,40.75762177,-73.9883194,40.76932144,8.8
01/09/2015 0:08,01/09/2015 0:15,1.18,-73.98966217,40.72990036,-73.99702454,40.7148056,7.8
01/09/2015 0:08,01/09/2015 0:23,3.4,-74.0025177,40.73371124,-73.98485565,40.7685585,19.2
01/09/2015 0:08,01/09/2015 0:14,2,-73.94226837,40.75405121,-73.92798615,40.77548218,9.3
01/09/2015 0:08,01/09/2015 0:11,0.8,-74.0032196,40.7490654,-74.00566864,40.74013519,6.3
01/09/2015 0:08,01/09/2015 0:28,5.79,-73.97505188,40.79014587,-73.97772217,40.7293663,21.8
01/09/2015 0:08,01/09/2015 0:16,1.4,-73.99884033,40.75439453,-73.97398376,40.74396133,10.55
01/09/2015 0:08,01/09/2015 0:40,21,-73.782341,40.64458466,-73.97241974,40.79141998,66.34
01/09/2015 0:08,01/09/2015 0:24,5.3,-73.99959564,40.72819901,-73.95049286,40.78661346,19.8
01/09/2015 0:08,01/09/2015 0:21,3.8,-73.94999695,40.77207947,-73.99768066,40.76166153,17.16
01/09/2015 0:08,01/09/2015 0:25,4.5,-73.97749329,40.74948502,-73.9825592,40.69366074,23.8
01/09/2015 0:08,01/09/2015 0:22,1.8,-74.00689697,40.73103714,-73.98220825,40.7196846,14.3
01/09/2015 0:08,01/09/2015 0:24,8.11,-73.98362732,40.76015091,-73.94245911,40.84558105,25.3
01/09/2015 0:08,01/09/2015 0:34,15.3,-73.87438202,40.77403259,-74.01063538,40.70176697,59.19
01/09/2015 0:08,01/09/2015 0:10,0.33,-73.98644257,40.74317169,-73.98413086,40.74403,6.24
01/09/2015 0:08,01/09/2015 0:21,3.12,-73.96234131,40.71972656,-73.9949646,40.72096252,17.16
01/09/2015 0:08,01/09/2015 0:11,0.86,-73.9627533,40.76309967,-73.97098541,40.75571823,7.56
01/09/2015 0:08,01/09/2015 0:29,7.24,-73.98863983,40.7564888,-73.91799164,40.81983185,25.3
01/09/2015 0:08,01/09/2015 0:17,1.65,-73.97644806,40.788311,-73.9526062,40.7797699,11.8
01/09/2015 0:08,01/09/2015 0:13,0.99,-73.98538971,40.74274826,-73.97484589,40.74752808,7.8
01/09/2015 0:08,01/09/2015 0:46,11.19,-73.95851135,40.78139877,-73.86885834,40.70195007,37.8
01/09/2015 0:08,01/09/2015 0:17,2.2,-73.98430634,40.75504303,-73.9992218,40.73911667,11.8
01/09/2015 0:08,01/09/2015 0:21,3.1,-74.00310516,40.75046158,-73.98099518,40.78691483,17.85
01/09/2015 0:08,01/09/2015 0:10,0.69,-73.86740112,40.73248672,-73.87406158,40.73005295,6.3
01/09/2015 0:08,01/09/2015 0:18,2.6,-73.98278046,40.76150131,-73.9727478,40.79319,11.8
01/09/2015 0:08,01/09/2015 0:36,6.06,-74.00370789,40.72546387,-73.92276001,40.7066803,24.3
01/09/2015 0:08,01/09/2015 0:17,2.53,-73.97315216,40.79031754,-73.94055176,40.79486084,11.3
01/09/2015 0:08,01/09/2015 0:33,9.8,-73.9899292,40.73452377,-73.97888184,40.65617752,39.1
01/09/2015 0:08,01/09/2015 0:20,8.22,-73.87306213,40.77425766,-73.78748322,40.71264267,24.3
01/09/2015 0:08,01/09/2015 0:12,1.58,-73.94980621,40.78046799,-73.96470642,40.76021194,7.3
01/09/2015 0:08,01/09/2015 0:17,2.6,-73.99504852,40.73970413,-73.98229218,40.76980591,11.3
01/09/2015 0:08,01/09/2015 0:09,0.3,-73.98706055,40.76104736,-73.98470306,40.76429367,4.8
01/09/2015 0:08,01/09/2015 0:22,2.95,-73.99152374,40.72992325,-74.00104523,40.76183319,14.3
01/09/2015 0:08,01/09/2015 0:22,3.59,-73.99260712,40.7244072,-73.98038483,40.67664719,18.36
01/09/2015 0:08,01/09/2015 0:18,1.94,-73.97800446,40.76276779,-73.9805603,40.74330521,11.3
01/09/2015 0:08,01/09/2015 0:14,1.52,-73.97924805,40.74019623,-73.99054718,40.72338104,10.38
01/09/2015 0:08,01/09/2015 0:14,1.2,-73.98704529,40.76099396,-73.96662903,40.75394058,9.35
01/09/2015 0:08,01/09/2015 0:14,1.3,-73.98657227,40.75577545,-73.97496033,40.76504517,7.8
01/09/2015 0:08,01/09/2015 0:18,4,-73.94723511,40.80836487,-73.91661835,40.76965714,20.34
01/09/2015 0:08,01/09/2015 0:27,4.9,-73.98877716,40.72222137,-73.97825623,40.68123627,18.8
01/09/2015 0:08,01/09/2015 0:12,0.65,-73.99095154,40.74539566,-73.99833679,40.74044418,5.8
01/09/2015 0:08,01/09/2015 0:09,0.34,-73.94976044,40.78549957,-73.95571136,40.78776932,4.3
01/09/2015 0:08,01/09/2015 0:21,2.19,-73.96665192,40.76750183,-73.96671295,40.76743317,14.76
01/09/2015 0:08,01/09/2015 0:12,1.4,-73.97079468,40.78837204,-73.98405457,40.7703476,8.8
01/09/2015 0:08,01/09/2015 0:38,16.15,-73.80741882,40.65600586,-73.98278046,40.76130676,63.36
01/09/2015 0:08,01/09/2015 0:13,1.12,-74.00689697,40.7399292,-73.99516296,40.74986649,7.3
01/09/2015 0:08,01/09/2015 0:21,4,-73.98886108,40.73663712,-73.97735596,40.77616119,17.75
01/09/2015 0:08,01/09/2015 0:18,2.3,-73.98860168,40.73846054,-73.98903656,40.76272202,12.95
01/09/2015 0:08,01/09/2015 0:12,1.09,-73.98569489,40.74401093,-73.97491455,40.75568771,8.16
01/09/2015 0:08,01/09/2015 0:12,0.7,-74.00213623,40.72652435,-73.99659729,40.73239517,7.56
01/09/2015 0:08,01/09/2015 0:12,0.7,-73.98416138,40.75128174,-73.98371887,40.74393463,6.3
01/09/2015 0:08,01/09/2015 0:58,17.84,-73.78220367,40.64531708,-74.00402832,40.73759079,65.8
01/09/2015 0:08,01/09/2015 0:12,0.8,-73.96296692,40.76262665,-73.96496582,40.75307465,6.3
01/09/2015 0:08,01/09/2015 0:24,5.92,-73.95153809,40.77006531,-74.00324249,40.72035217,24.96
01/09/2015 0:08,01/09/2015 0:28,4.9,-73.95236206,40.78104019,-74.00020599,40.73051071,22.55
01/09/2015 0:08,01/09/2015 0:15,1.2,-73.97792053,40.75221634,-73.99835968,40.76057434,9.95
01/09/2015 0:08,01/09/2015 0:14,1.7,-73.98325348,40.72655487,-73.97732544,40.74623489,8.8
01/09/2015 0:08,01/09/2015 0:17,1.8,-73.98629761,40.7461853,-73.97676849,40.72703171,11.3
01/09/2015 0:08,01/09/2015 0:23,3.1,-73.98252869,40.66231155,-73.98210144,40.69591141,17.16
01/09/2015 0:08,01/09/2015 0:17,1.75,-73.99137115,40.72753525,-73.98908234,40.74480057,11.16
01/09/2015 0:08,01/09/2015 0:15,2.79,-73.86527252,40.73571396,-73.90667725,40.74200821,13.3
01/09/2015 0:08,01/09/2015 0:11,0.7,-73.98994446,40.75714111,-73.98325348,40.76632309,6.95
01/09/2015 0:08,01/09/2015 0:12,0.9,-73.98484039,40.73229218,-73.9781189,40.72458649,7.85
01/09/2015 0:08,01/09/2015 0:22,4.4,-73.97763824,40.75216675,-74.01260376,40.70682144,19.55
01/09/2015 0:08,01/09/2015 0:16,1.81,-73.9740448,40.74313354,-73.99572754,40.7344017,11.76
01/09/2015 0:08,01/09/2015 0:28,6.37,-74.00024414,40.74271774,-73.94410706,40.80958939,21.8
01/09/2015 0:08,01/09/2015 0:37,7.23,-73.98555756,40.73543549,-73.87578583,40.75569534,26.3
01/09/2015 0:08,01/09/2015 0:16,2.52,-73.95127106,40.77045822,-73.96648407,40.79340744,12.96
01/09/2015 0:08,01/09/2015 0:31,5.19,-73.98339081,40.75946045,-73.9502182,40.7229805,20.8
01/09/2015 0:08,01/09/2015 0:25,6.84,-74.01010132,40.72071075,-73.96970367,40.75276947,27.96
01/09/2015 0:08,01/09/2015 0:11,0.8,-73.99388885,40.74643326,-73.98469543,40.74810028,5.8
01/09/2015 0:08,01/09/2015 0:11,1.07,-73.974823,40.75339127,-73.96443176,40.76451111,7.56
01/09/2015 0:08,01/09/2015 0:23,7.4,-73.87094879,40.77360916,-73.94733429,40.70985413,28.5
01/09/2015 0:08,01/09/2015 0:21,4.5,-73.9800415,40.72237778,-73.9835434,40.69580078,17.3
01/09/2015 0:08,01/09/2015 0:15,1.9,-73.97121429,40.75579834,-73.97981262,40.73325729,10
01/09/2015 0:08,01/09/2015 0:30,0.29,-73.93070221,40.76617813,-73.92825317,40.76456833,17.76
01/09/2015 0:08,01/09/2015 0:30,5.03,-74.00405121,40.74188232,-73.95500946,40.80021286,24.36
01/09/2015 0:08,01/09/2015 0:11,0.6,-73.95072937,40.78672791,-73.94552612,40.7936821,6.95
01/09/2015 0:08,01/09/2015 0:23,3,-73.97315979,40.7552948,-74.00860596,40.74056625,13.8
01/09/2015 0:08,01/09/2015 0:36,5.7,-73.95139313,40.78534317,-74.00257111,40.72153854,30.25
01/09/2015 0:08,01/09/2015 0:12,0.5,-73.98466492,40.73691177,-73.99185181,40.73616791,5.8
01/09/2015 0:08,01/09/2015 0:14,1.1,-73.95719147,40.69953156,-73.95661926,40.69157791,7.3
01/09/2015 0:08,01/09/2015 0:17,2.07,-74.01390076,40.715271,-73.99208832,40.72732925,11.8
01/09/2015 0:08,01/09/2015 0:20,3,-73.98526764,40.72752762,-73.98496246,40.75881958,15.35
01/09/2015 0:08,01/09/2015 0:10,0.9,-73.95812225,40.77321625,-73.94728088,40.78427887,5.8
01/09/2015 0:08,01/09/2015 0:14,1.79,-73.98846436,40.76426315,-74.00415802,40.74224091,11
01/09/2015 0:08,01/09/2015 0:21,3.3,-73.97250366,40.75860596,-73.95917511,40.74398041,16.56
01/09/2015 0:08,01/09/2015 0:24,8.8,-73.94573975,40.77376938,-73.90428925,40.87336731,26.8
01/09/2015 0:08,01/09/2015 0:11,1.6,-73.96458435,40.76375961,-73.94736481,40.77603149,7.3
01/09/2015 0:08,01/09/2015 0:31,9.5,-73.98148346,40.77360535,-73.99150848,40.68953323,35.75
01/09/2015 0:08,01/09/2015 0:15,1.5,-73.98407745,40.76144028,-74.00035858,40.74681854,8.3
01/09/2015 0:08,01/09/2015 0:11,0.69,-73.98300171,40.73912048,-73.98899841,40.73084641,6.96
01/09/2015 0:08,01/09/2015 0:37,8.57,-74.0021286,40.7304039,-73.94700623,40.81062317,30.8
01/09/2015 0:08,01/09/2015 0:14,1.27,-73.99068451,40.75038528,-74.0029068,40.73353195,10.14
01/09/2015 0:08,01/09/2015 0:22,3.35,-73.99907684,40.7600708,-73.98894501,40.72692108,17.16
01/09/2015 0:08,01/09/2015 0:14,1.8,-73.97084808,40.7560463,-73.95257568,40.77832413,8.8
01/09/2015 0:08,01/09/2015 0:16,2,-73.99156189,40.73088455,-74.00524139,40.70671844,10.3
01/09/2015 0:08,01/09/2015 0:15,1.6,-73.98806,40.72776794,-73.98518372,40.74610519,8.8
01/09/2015 0:08,01/09/2015 0:12,0.59,-73.97405243,40.76295853,-73.98236084,40.76768112,7.8
01/09/2015 0:08,01/09/2015 0:14,1.5,-73.98891449,40.74838638,-73.98602295,40.76672745,8.3
01/09/2015 0:08,01/09/2015 0:23,3.77,-74.00572205,40.74040985,-73.96353149,40.76605988,15.3
01/09/2015 0:08,01/09/2015 0:13,1,-73.97605896,40.75545883,-73.98035431,40.7430687,9.1
01/09/2015 0:08,01/09/2015 0:22,4.41,-73.95523834,40.76506042,-73.9282074,40.81615829,16.3
01/09/2015 0:08,01/09/2015 0:15,1.23,-73.98190308,40.7690506,-73.97386932,40.75703812,9.96
01/09/2015 0:08,01/09/2015 0:23,8.79,-73.78256989,40.64445877,-73.84925079,40.72790146,26.3
01/09/2015 0:08,01/09/2015 0:39,12.4,-73.97922516,40.75266647,-74.01144409,40.63712311,45.95
01/09/2015 0:09,01/09/2015 0:27,4.6,-74.0005722,40.73748779,-73.96305084,40.79395676,21.3
01/09/2015 0:09,01/09/2015 0:18,3.4,-73.93848419,40.70630646,-73.99108124,40.71957016,13.8
01/09/2015 0:09,01/09/2015 0:21,4.58,-73.96189117,40.79524231,-74.00437927,40.74233246,18
01/09/2015 0:09,01/09/2015 0:22,3,-74.00326538,40.72035217,-73.97117615,40.68980789,17.25
01/09/2015 0:09,01/09/2015 0:17,3.1,-73.96832275,40.75481415,-73.98001099,40.71762466,15.35
01/09/2015 0:09,01/09/2015 0:40,17.96,-73.7861557,40.64279175,-73.99532318,40.76012802,68.34
01/09/2015 0:09,01/09/2015 0:13,1.6,-73.97748566,40.78450394,-73.96630859,40.80404663,9.35
01/09/2015 0:09,01/09/2015 0:25,4.06,-74.00935364,40.71671677,-73.97550201,40.75766373,16.3
01/09/2015 0:09,01/09/2015 0:17,1.9,-73.97135925,40.75770187,-73.98708344,40.73350143,11.4
01/09/2015 0:09,01/09/2015 0:16,2.81,-73.96974945,40.75725174,-73.95664215,40.74731064,13.56
01/09/2015 0:09,01/09/2015 0:30,11.61,-73.8628006,40.76888657,-73.98432159,40.685112,41.76
01/09/2015 0:09,01/09/2015 0:15,1.81,-74.00940704,40.71320343,-73.9954834,40.728302,8.8
01/09/2015 0:09,01/09/2015 0:12,1.2,-73.98868561,40.73119354,-73.97763824,40.74636459,7.8
01/09/2015 0:09,01/09/2015 0:19,1.6,-73.9508667,40.71107483,-73.94257355,40.69239044,10.3
01/09/2015 0:09,01/09/2015 0:15,2.33,-73.98995209,40.76215363,-73.99269104,40.73732376,9.8
01/09/2015 0:09,01/09/2015 0:10,0.39,-74.01011658,40.72030258,-74.0085907,40.71626282,5.76
01/09/2015 0:09,01/09/2015 0:17,1.9,-73.97867584,40.77766418,-73.95475006,40.77788162,13.35
01/09/2015 0:09,01/09/2015 0:39,18.7,-73.78180695,40.64470291,-73.99156189,40.74642181,58.34
01/09/2015 0:09,01/09/2015 0:21,2.5,-73.97848511,40.77740479,-73.94554901,40.77867126,14.3
01/09/2015 0:09,01/09/2015 0:43,13.28,-73.77646637,40.64631653,-73.98191071,40.68261337,47.8
01/09/2015 0:09,01/09/2015 0:14,0.92,-74.00222778,40.72404861,-73.98966217,40.72629166,8.3
01/09/2015 0:09,01/09/2015 0:13,0.89,-73.97853851,40.7520256,-73.99250031,40.75803375,6.8
01/09/2015 0:09,01/09/2015 0:27,8,-73.98829651,40.74586105,-73.9465332,40.83815002,32.25
01/09/2015 0:09,01/09/2015 0:15,1.9,-73.99060822,40.67686844,-73.95888519,40.67527771,9.3
01/09/2015 0:09,01/09/2015 0:12,0.6,-73.98765564,40.71999359,-73.99523163,40.71712875,7.25
01/09/2015 0:09,01/09/2015 0:12,0.7,-73.99525452,40.74468231,-74.00374603,40.73814011,6.96
01/09/2015 0:09,01/09/2015 0:35,16.88,-73.78968048,40.64689255,-73.97687531,40.76408768,66
01/09/2015 0:09,01/09/2015 0:22,3.46,-74.00466156,40.70995331,-73.99885559,40.68084717,17.88
01/09/2015 0:09,01/09/2015 0:16,1.6,-74.00757599,40.74083328,-74.00413513,40.72089767,8.8
01/09/2015 0:09,01/09/2015 0:25,3.9,-73.95925903,40.77752686,-73.99250031,40.73030472,20.35
01/09/2015 0:09,01/09/2015 0:17,1.9,-73.98239136,40.75152206,-73.96071625,40.76400757,10.8
01/09/2015 0:09,01/09/2015 0:23,3.45,-73.98847198,40.7215538,-73.99784088,40.75648499,15.8
01/09/2015 0:09,01/09/2015 0:24,5.15,-73.99485016,40.71468735,-73.96337128,40.79189301,21.36
01/09/2015 0:09,01/09/2015 0:34,16.57,-73.77740479,40.64686203,-73.94841766,40.76350403,63.36
01/09/2015 0:09,01/09/2015 0:10,0.4,-74.00540161,40.74091721,-74.00465393,40.73542023,5.76
01/09/2015 0:09,01/09/2015 0:12,0.4,-73.88487244,40.74745941,-73.8884201,40.74352646,5.8
01/09/2015 0:09,01/09/2015 0:28,4.27,-73.98792267,40.75967026,-73.95735931,40.80274963,18.8
01/09/2015 0:09,01/09/2015 0:21,2.5,-73.94237518,40.75419617,-73.90646362,40.73934937,12.8
01/09/2015 0:09,01/09/2015 0:23,4.36,-73.98161316,40.75812149,-74.02591705,40.76586914,60.55
01/09/2015 0:09,01/09/2015 0:26,12.8,-73.77701569,40.64669037,-73.88938904,40.77238083,36.3
01/09/2015 0:09,01/09/2015 0:20,6.95,-73.87312317,40.77412033,-73.95595551,40.71562576,27.25
01/09/2015 0:09,01/09/2015 0:12,0.6,-73.97934723,40.76333237,-73.98636627,40.76228333,7.5
01/09/2015 0:09,01/09/2015 0:15,1,-73.97969818,40.67758179,-73.97737885,40.66827393,7.3
01/09/2015 0:09,01/09/2015 0:26,5.54,-74.0123291,40.70262909,-73.99265289,40.74968719,19.8
01/09/2015 0:09,01/09/2015 0:38,19.2,-73.7888031,40.64730835,-73.99521637,40.7177887,63.36
01/09/2015 0:09,01/09/2015 0:18,2.6,-73.97121429,40.75796127,-74.0034256,40.74567413,12.96
01/09/2015 0:09,01/09/2015 0:20,6.3,-73.78207397,40.64466476,-73.85351563,40.67990112,20.3
01/09/2015 0:09,01/09/2015 0:16,1.7,-74.00968933,40.73837662,-73.99734497,40.72245026,8.8
01/09/2015 0:09,01/09/2015 0:22,3.68,-73.98095703,40.75822067,-73.95600891,40.74608994,19.24
01/09/2015 0:09,01/09/2015 0:13,1.22,-74.00306702,40.72676849,-73.99269867,40.74042892,8
01/09/2015 0:09,01/09/2015 0:37,8.49,-73.9903183,40.76080704,-73.92089844,40.69908142,34.34
01/09/2015 0:09,01/09/2015 0:26,4.34,-73.99236298,40.75384903,-73.97338867,40.79788971,21.36
01/09/2015 0:09,01/09/2015 0:17,2.29,-73.97609711,40.76594162,-73.97257233,40.78596878,10.3
01/09/2015 0:09,01/09/2015 0:20,3.57,-73.97760773,40.78409958,-73.94824982,40.82894135,16.56
01/09/2015 0:09,01/09/2015 0:26,4.13,-74.00346375,40.741642,-74.00984192,40.70535278,16.8
01/09/2015 0:09,01/09/2015 0:18,1.43,-73.99997711,40.73819733,-73.99804688,40.72542572,8.3
01/09/2015 0:09,01/09/2015 0:29,5.94,-73.97937012,40.75247192,-73.90996552,40.77073288,22.8
01/09/2015 0:09,01/09/2015 0:24,4,-73.96170044,40.71390533,-74.00190735,40.73798752,18.95
01/09/2015 0:09,01/09/2015 0:27,6.73,-73.97248077,40.79383087,-73.91679382,40.83904648,22.8
01/09/2015 0:09,01/09/2015 0:24,4.7,-74.0056839,40.72754669,-73.99918365,40.67733383,29.14
01/09/2015 0:09,01/09/2015 0:16,2,-73.97444153,40.7538414,-73.98053741,40.73045349,11.5
01/09/2015 0:09,01/09/2015 0:15,1.3,-73.99172974,40.75515366,-73.98982239,40.74503708,9.35
01/09/2015 0:09,01/09/2015 0:11,0.2,-73.98458099,40.7548027,-73.98970795,40.7568512,4.8
01/09/2015 0:09,01/09/2015 0:17,2.44,-73.97889709,40.77732086,-74.00428009,40.75270081,10.8
01/09/2015 0:09,01/09/2015 0:19,2.5,-74.01016235,40.72060776,-74.00080109,40.74793625,13.55
01/09/2015 0:09,01/09/2015 0:39,10.4,-74.00211334,40.74552536,-73.97780609,40.6341362,33.8
01/09/2015 0:09,01/09/2015 0:34,13.1,-73.98490143,40.74819946,-74.03299713,40.61889267,47.15
01/09/2015 0:09,01/09/2015 0:11,0.55,-73.98780823,40.73242188,-73.98355865,40.73836517,4.8
01/09/2015 0:09,01/09/2015 0:14,0.7,-73.98225403,40.75784683,-73.97200775,40.75724792,6.3
01/09/2015 0:09,01/09/2015 0:26,4.43,-73.99372864,40.73611069,-73.94743347,40.74798965,22.49
01/09/2015 0:09,01/09/2015 0:12,0.89,-73.96128845,40.77174377,-73.96601868,40.76534271,5.8
01/09/2015 0:09,01/09/2015 0:36,11.82,-73.97840118,40.75201035,-73.96505737,40.63883972,45.84
01/09/2015 0:09,01/09/2015 0:21,2.26,-73.97181702,40.79497147,-73.95240021,40.77708054,11.8
01/09/2015 0:09,01/09/2015 0:23,4.11,-74.00071716,40.74206161,-73.95384979,40.7686615,16.8
01/09/2015 0:09,01/09/2015 0:28,5,-73.97923279,40.75899887,-73.9543457,40.7170639,30.13
01/09/2015 0:09,01/09/2015 0:22,4.7,-73.96837616,40.75521469,-73.9474411,40.80696487,16.3
01/09/2015 0:09,01/09/2015 0:14,0.6,-73.97135162,40.76104355,-73.96949005,40.75611115,10.3
01/09/2015 0:09,01/09/2015 0:30,5.5,-74.00232697,40.73380661,-73.96287537,40.67998123,24.95
01/09/2015 0:09,01/09/2015 0:16,1.47,-73.96868134,40.76439285,-73.9710083,40.74842072,9.96
01/09/2015 0:09,01/09/2015 0:14,1.02,-73.98110199,40.76383972,-73.97657013,40.77571106,8.76
01/09/2015 0:09,01/09/2015 0:19,1.4,-73.98777771,40.74633408,-73.98532104,40.7595787,11.15
01/09/2015 0:09,01/09/2015 0:14,2.13,-73.94061279,40.79325104,-73.96016693,40.76656723,8.8
01/09/2015 0:09,01/09/2015 0:12,0.87,-73.97670746,40.75045395,-73.98474884,40.7427597,6.96
01/09/2015 0:09,01/09/2015 0:13,0.54,-73.99182892,40.72630692,-73.99927521,40.72894287,6.96
01/09/2015 0:09,01/09/2015 0:21,3.67,-73.9839325,40.7262764,-73.9431076,40.70761108,17.16
01/09/2015 0:09,01/09/2015 0:13,1.02,-74.0043335,40.75196838,-73.99742889,40.74224854,8.19
01/09/2015 0:09,01/09/2015 0:19,4,-74.01147461,40.70435333,-73.98282623,40.72971344,17.75
01/09/2015 0:09,01/09/2015 0:12,0.32,-73.98890686,40.7269516,-73.98937225,40.73019028,6.36
01/09/2015 0:09,01/09/2015 0:24,4.5,-73.98152924,40.76107407,-73.94684601,40.80997086,16.3
01/09/2015 0:09,01/09/2015 0:14,1.94,-74.00224304,40.75053024,-73.98079681,40.76538849,10.56
01/09/2015 0:09,01/09/2015 0:23,4.7,-73.9513092,40.78538513,-73.98782349,40.72787094,17.3
01/09/2015 0:09,01/09/2015 0:27,6.14,-73.99150085,40.73514938,-73.91911316,40.76578903,20.3
01/09/2015 0:09,01/09/2015 0:17,1,-73.97551727,40.75764084,-73.97666168,40.74777985,7.8
01/09/2015 0:09,01/09/2015 0:19,2.37,-74.00730133,40.71302414,-73.99172974,40.73442078,10.8
01/09/2015 0:09,01/09/2015 0:21,3.42,-73.97483826,40.742733,-73.95786285,40.78216171,17.25
01/09/2015 0:09,01/09/2015 0:13,1.3,-73.99278259,40.74823761,-73.98976135,40.75683212,9.45
01/09/2015 0:09,01/09/2015 0:25,11.44,-73.94833374,40.77825928,-73.89691925,40.90766144,32.3
01/09/2015 0:09,01/09/2015 0:35,9.3,-73.87315369,40.77418137,-73.91195679,40.68783569,37.56
01/09/2015 0:09,01/09/2015 0:19,1.21,-73.96498871,40.76160812,-73.98441315,40.76703644,9.3
01/09/2015 0:09,01/09/2015 0:13,1.12,-73.98879242,40.73682022,-73.99035645,40.72509003,6.8
01/09/2015 0:09,01/09/2015 0:16,1.79,-73.97920227,40.75268173,-74.00347137,40.74573898,8.8
01/09/2015 0:09,01/09/2015 0:27,7.49,-74.01367188,40.71521759,-73.96398163,40.76109314,25.3
01/09/2015 0:09,01/09/2015 0:17,1.36,-73.98092651,40.76300812,-73.9776001,40.74994278,9.96
01/09/2015 0:09,01/09/2015 0:18,3.26,-73.98667145,40.7505455,-73.97769165,40.7132988,12.8
01/09/2015 0:09,01/09/2015 0:14,0.9,-73.97878265,40.74411011,-73.98138428,40.74148941,6.8
01/09/2015 0:09,01/09/2015 0:11,0.4,-73.98313904,40.78155899,-73.98243713,40.77722931,4.8
01/09/2015 0:09,01/09/2015 0:27,10.2,-73.87095642,40.77378845,-73.98885345,40.69342804,30.8
01/09/2015 0:09,01/09/2015 0:18,2.01,-73.98449707,40.75019073,-73.9881134,40.72816086,11.28
01/09/2015 0:09,01/09/2015 0:11,0.9,-73.96999359,40.79457092,-73.96344757,40.80353165,5.8
01/09/2015 0:09,01/09/2015 0:22,3.33,-73.97368622,40.76350021,-73.93065643,40.76541901,17.16
01/09/2015 0:09,01/09/2015 0:20,2.1,-73.97503662,40.78986359,-73.94223785,40.78656769,12.96
01/09/2015 0:09,01/09/2015 0:15,1.09,-74.01009369,40.72066879,-74.01780701,40.70941162,8.3
01/09/2015 0:09,01/09/2015 0:25,5.36,-73.98618317,40.74617767,-73.99513245,40.6838913,18.8
01/09/2015 0:09,01/09/2015 0:21,4.3,-73.99415588,40.7612648,-73.96138763,40.81318665,15.3
01/09/2015 0:09,01/09/2015 0:16,1.46,-73.97270966,40.7530899,-73.98799133,40.76309586,9.3
01/09/2015 0:09,01/09/2015 0:19,1.27,-73.97864532,40.76258087,-73.96042633,40.76187515,9.3
01/09/2015 0:09,01/09/2015 0:14,1.73,-73.93749237,40.82889175,-73.93603516,40.84348679,9.3
01/09/2015 0:09,01/09/2015 0:16,2.3,-73.97528076,40.78735352,-73.95227814,40.80862808,11.76
01/09/2015 0:09,01/09/2015 0:21,2.2,-73.98981476,40.75553894,-73.99430847,40.7408905,11.3
01/09/2015 0:09,01/09/2015 0:30,4.2,-73.99119568,40.76054764,-73.99655914,40.71292114,18.3
01/09/2015 0:09,01/09/2015 0:16,2.2,-73.95171356,40.77758026,-73.97280884,40.74880219,10.8
01/09/2015 0:09,01/09/2015 0:23,4.7,-74.00473022,40.74158096,-73.96465302,40.79265594,18.8
01/09/2015 0:09,01/09/2015 0:19,3.03,-73.92315674,40.82616043,-73.94302368,40.78987885,12.3
01/09/2015 0:09,01/09/2015 0:17,1.3,-73.97449493,40.76247025,-73.9793396,40.74719238,9.96
01/09/2015 0:09,01/09/2015 0:31,4.3,-73.92568207,40.74124527,-73.92713928,40.70379257,23.5
01/09/2015 0:09,01/09/2015 0:12,0.5,-73.98774719,40.72102737,-73.9914093,40.71483231,5.6
01/09/2015 0:09,01/09/2015 0:17,1.23,-73.9728775,40.75849915,-73.9909668,40.76189041,9.96
01/09/2015 0:09,01/09/2015 0:26,3.74,-73.98355865,40.76444244,-73.9846344,40.72887039,18.96
01/09/2015 0:09,01/09/2015 0:33,6.1,-74.00675964,40.7356987,-73.94212341,40.74573898,22.3
01/09/2015 0:09,01/09/2015 0:26,4.82,-73.96227264,40.76356125,-73.88638306,40.74739075,17.8
01/09/2015 0:09,01/09/2015 0:24,4.3,-73.96678925,40.76437759,-73.90237427,40.74243546,16.3
01/09/2015 0:09,01/09/2015 0:35,6.51,-73.98808289,40.75952911,-73.89572144,40.72943878,24.8
01/09/2015 0:09,01/09/2015 0:19,1.91,-73.98547363,40.75624084,-74.00592804,40.740345,10.3
01/09/2015 0:09,01/09/2015 0:18,2.26,-73.96356201,40.77441788,-73.98416138,40.75128174,10.3
01/09/2015 0:09,01/09/2015 0:13,0.73,-73.98899841,40.75843048,-73.98119354,40.76506805,5.8
01/09/2015 0:09,01/09/2015 0:13,0.68,-73.96949005,40.69311905,-73.98214722,40.69371414,5.8
01/09/2015 0:09,01/09/2015 0:16,1.93,-73.99060822,40.74591446,-73.98136139,40.76851654,11.16
01/09/2015 0:09,01/09/2015 0:19,1.8,-73.965271,40.76030731,-73.99098969,40.76062775,12.85
01/09/2015 0:09,01/09/2015 0:15,1.7,-73.99765778,40.73691177,-73.9912262,40.75563812,8.8
01/09/2015 0:09,01/09/2015 0:32,13.58,-73.9828949,40.76410675,-73.86659241,40.86543655,39.3
01/09/2015 0:09,01/09/2015 0:14,0.5,-73.96922302,40.7574234,-73.9752655,40.75224686,6.3
01/09/2015 0:09,01/09/2015 0:18,2.2,-73.95562744,40.77939224,-73.93460083,40.79680634,10.3
01/09/2015 0:09,01/09/2015 0:33,6.51,-73.98516846,40.72780991,-73.91838074,40.74496841,27.96
01/09/2015 0:09,01/09/2015 0:15,0.52,-73.98332214,40.76248169,-73.98148346,40.76281357,6.3
01/09/2015 0:09,01/09/2015 0:26,5.5,-73.95046234,40.72901154,-73.96689606,40.68382645,20.8
01/09/2015 0:09,01/09/2015 0:13,0.5,-73.99980164,40.7267952,-73.99512482,40.72142029,6.8
01/09/2015 0:09,01/09/2015 0:28,9.96,-73.98744965,40.71999359,-73.92735291,40.83041382,35.16
01/09/2015 0:09,01/09/2015 0:39,8.3,-73.98395538,40.76506042,-73.88091278,40.75415421,36.3
01/09/2015 0:09,01/09/2015 0:40,19.6,-73.77869415,40.64675903,-73.95681,40.77121353,58.34
01/09/2015 0:09,01/09/2015 0:25,7.4,-73.98703003,40.75566101,-73.87020874,40.72810745,35.19
01/09/2015 0:09,01/09/2015 0:30,4.4,-73.98252106,40.76837921,-73.90860748,40.74655533,27.3
01/09/2015 0:09,01/09/2015 0:52,20.2,-73.98691559,40.756073,-73.94309235,40.59588623,70.55
01/09/2015 0:09,01/09/2015 0:16,1.1,-73.98612976,40.74493027,-73.99949646,40.73907852,7.8
01/09/2015 0:09,01/09/2015 0:17,1.65,-73.94927979,40.82824326,-73.96412659,40.80793381,11.16
01/09/2015 0:09,01/09/2015 0:33,7.85,-73.77651215,40.6464386,-73.79212952,40.71431351,29.8
01/09/2015 0:09,01/09/2015 0:17,1.7,-73.97052765,40.75858688,-73.98168945,40.73736191,12.05
01/09/2015 0:09,01/09/2015 0:15,1.1,-73.97769165,40.75205994,-73.97480774,40.74200439,8.75
01/09/2015 0:09,01/09/2015 0:15,0.93,-73.97875214,40.76447296,-73.9779129,40.77465057,7.8
01/09/2015 0:09,01/09/2015 0:28,5.47,-73.87451935,40.77416992,-73.85997772,40.73419189,20.3
01/09/2015 0:09,01/09/2015 0:22,4.59,-74.00028992,40.74282074,-73.97200012,40.79919052,15.8
01/09/2015 0:09,01/09/2015 0:21,2.8,-73.99819946,40.72269058,-73.96157074,40.71586227,15.35
01/09/2015 0:09,01/09/2015 0:13,1,-73.98983002,40.75873947,-73.98378754,40.76966858,8.15
01/09/2015 0:09,01/09/2015 0:47,22.09,-74.00850677,40.71050644,-73.80375671,40.91331863,82.56
01/09/2015 0:09,01/09/2015 0:11,0.3,-73.96725464,40.75652313,-73.96989441,40.7519455,6.2
01/09/2015 0:09,01/09/2015 0:29,8.21,-73.98855591,40.72269821,-73.86491394,40.73652649,28.8
01/09/2015 0:09,01/09/2015 0:17,1.46,-73.97193146,40.75682831,-73.99227142,40.7494812,8.8
01/09/2015 0:09,01/09/2015 0:31,9.18,-73.87091827,40.77358627,-73.95917511,40.78326035,37.84
01/09/2015 0:10,01/09/2015 0:31,17.7,-73.80117035,40.64642334,-73.97717285,40.71410751,60
01/09/2015 0:10,01/09/2015 0:31,6.4,-73.99119568,40.75385666,-73.96833801,40.70777512,23.3
01/09/2015 0:10,01/09/2015 0:20,2.2,-73.97473907,40.75016785,-73.985672,40.77050781,13.3
01/09/2015 0:10,01/09/2015 0:13,1.35,-73.97402954,40.75192261,-73.96081543,40.76957703,7.3
01/09/2015 0:10,01/09/2015 0:15,1.4,-73.97172546,40.78732681,-73.9546051,40.77558136,7.3
01/09/2015 0:10,01/09/2015 0:30,7.4,-73.96841431,40.79957199,-74.01087189,40.71356583,30.35
01/09/2015 0:10,01/09/2015 0:19,1.6,-73.99012756,40.72354507,-74.00659943,40.73736572,11.75
01/09/2015 0:10,01/09/2015 0:12,0.4,-73.99303436,40.76345062,-73.98834991,40.76470566,4.8
01/09/2015 0:10,01/09/2015 0:23,3.1,-74.00774384,40.74093628,-73.97967529,40.7615242,16.55
01/09/2015 0:10,01/09/2015 0:32,8.3,-74.00496674,40.70863724,-73.97147369,40.61717987,26.8
01/09/2015 0:10,01/09/2015 0:15,0.81,-73.98700714,40.72512817,-73.99008179,40.71511841,8.16
01/09/2015 0:10,01/09/2015 0:21,7,-73.98705292,40.7661972,-73.93938446,40.84862518,21.8
01/09/2015 0:10,01/09/2015 0:16,1.43,-73.99417877,40.73691177,-74.0036087,40.72523117,9.13
01/09/2015 0:10,01/09/2015 0:26,3.14,-73.9743042,40.75366211,-73.99207306,40.71497345,14.8
01/09/2015 0:10,01/09/2015 0:38,13.1,-73.98176575,40.75902939,-73.84597015,40.77864838,42.3
01/09/2015 0:10,01/09/2015 0:40,12.7,-73.9782486,40.74824142,-73.96216583,40.61881638,38.8
01/09/2015 0:10,01/09/2015 0:18,1.8,-73.96698761,40.76675415,-73.98584747,40.75237656,11
01/09/2015 0:10,01/09/2015 0:27,7.2,-73.97255707,40.75445557,-73.94841766,40.82403946,23.8
01/09/2015 0:10,01/09/2015 0:13,0.5,-73.99786377,40.74102402,-74.0029068,40.73366165,5.3
01/09/2015 0:10,01/09/2015 0:13,0.7,-73.98727417,40.75055313,-73.98388672,40.74421692,7.55
01/09/2015 0:10,01/09/2015 0:17,1.73,-73.96770477,40.76573563,-73.9741745,40.78306198,11
01/09/2015 0:10,01/09/2015 0:41,9.4,-73.99334717,40.72027969,-73.94557953,40.81771088,38.76
01/09/2015 0:10,01/09/2015 0:13,0.5,-73.97749329,40.74931335,-73.98383331,40.74902344,5.8
01/09/2015 0:10,01/09/2015 0:21,2.5,-73.98248291,40.77382278,-73.97240448,40.79376984,12.3
01/09/2015 0:10,01/09/2015 0:31,12.9,-73.78992462,40.64710617,-73.85507965,40.78425598,45.35
01/09/2015 0:10,01/09/2015 0:24,7.41,-73.96212006,40.76063156,-73.98484039,40.69588089,23.8
01/09/2015 0:10,01/09/2015 0:24,4.53,-73.95702362,40.7664032,-73.9289856,40.76839828,16.3
01/09/2015 0:10,01/09/2015 0:31,10.1,-73.98649597,40.75554276,-73.93295288,40.85826492,37.55
01/09/2015 0:10,01/09/2015 0:22,3.6,-74.00885773,40.71937943,-73.98223877,40.76287079,14.3
01/09/2015 0:10,01/09/2015 0:23,7.5,-73.87302399,40.77423477,-73.94631195,40.77717972,35.19
01/09/2015 0:10,01/09/2015 0:26,4.95,-74.00237274,40.73025894,-73.97210693,40.67076492,22.88
01/09/2015 0:10,01/09/2015 0:13,0.77,-73.97763824,40.75959015,-73.98967743,40.76266098,6.96
01/09/2015 0:10,01/09/2015 0:18,1.01,-73.9988327,40.72982025,-74.00723267,40.73709106,9.96
01/09/2015 0:10,01/09/2015 0:16,1.47,-73.98661041,40.75645828,-74.00291443,40.74438477,8.3
01/09/2015 0:10,01/09/2015 0:20,2.3,-73.96111298,40.71451569,-73.97097015,40.69344711,12.95
01/09/2015 0:10,01/09/2015 0:16,1.2,-73.99147034,40.75003433,-74.00391388,40.73623276,9.8
01/09/2015 0:10,01/09/2015 0:35,16.77,-73.78410339,40.64631653,-73.9790802,40.74697876,58.34
01/09/2015 0:10,01/09/2015 0:14,0.8,-74.00084686,40.7420845,-73.99039459,40.74684525,6.8
01/09/2015 0:10,01/09/2015 0:10,7.76,-73.99468994,40.74948883,-73.94979095,40.66712952,28.3
01/09/2015 0:10,01/09/2015 0:18,2.59,-74.00859833,40.71937943,-73.98600769,40.73566818,12.3
01/09/2015 0:10,01/09/2015 0:35,12.4,-73.83167267,40.71503448,-73.99085236,40.75022888,39.3
01/09/2015 0:10,01/09/2015 0:17,1.33,-73.98911285,40.75833893,-73.98513794,40.74700165,8.3
01/09/2015 0:10,01/09/2015 0:15,1.5,-73.97595978,40.74038315,-73.96220398,40.7592926,7.8
01/09/2015 0:10,01/09/2015 0:29,7.4,-73.96374512,40.71042633,-73.90995789,40.77402115,30.9
01/09/2015 0:10,01/09/2015 0:34,5.9,-73.9932785,40.73904419,-73.98966217,40.669384,27.36
01/09/2015 0:10,01/09/2015 0:13,0.88,-73.99437714,40.75241852,-74.00556183,40.75104904,7.56
01/09/2015 0:10,01/09/2015 0:20,2.25,-74.00758362,40.74110031,-73.99552155,40.75981903,11.3
01/09/2015 0:10,01/09/2015 0:14,1.4,-73.99282837,40.74284744,-73.98040771,40.76034164,7.3
01/09/2015 0:10,01/09/2015 0:14,0.9,-73.99466705,40.73896027,-73.99224091,40.74929047,7.8
01/09/2015 0:10,01/09/2015 0:16,1.16,-74.00807953,40.72577667,-74.00596619,40.74013519,7.8
01/09/2015 0:10,01/09/2015 0:16,1.43,-73.9859314,40.76074982,-73.9681778,40.76893997,9.75
01/09/2015 0:10,01/09/2015 0:14,1.3,-73.9925766,40.72465515,-73.97946167,40.73551941,8.75
01/09/2015 0:10,01/09/2015 0:16,1,-73.98503113,40.75186539,-73.97589874,40.74477005,9.75
01/09/2015 0:10,01/09/2015 0:31,4.84,-74.00150299,40.7360611,-73.9525528,40.77645874,23.16
01/09/2015 0:10,01/09/2015 0:36,6.37,-73.9940567,40.75234222,-73.94680786,40.70298386,24.3
01/09/2015 0:10,01/09/2015 0:16,1.3,-73.99108887,40.71957397,-74.00485992,40.70711136,8.8
01/09/2015 0:10,01/09/2015 0:34,7.3,-73.99200439,40.74997711,-73.94467163,40.82390213,25.8
01/09/2015 0:10,01/09/2015 0:20,4.1,-73.87284851,40.77428436,-73.82390594,40.75954437,14.8
01/09/2015 0:10,01/09/2015 0:19,1.5,-73.98661804,40.74688339,-74.00371552,40.75920486,11.3
01/09/2015 0:10,01/09/2015 0:17,2,-73.97822571,40.74847794,-73.98349762,40.7262001,9.3
01/09/2015 0:10,01/09/2015 0:14,1.2,-74.00284576,40.73377991,-74.00382996,40.71747208,8.75
01/09/2015 0:10,01/09/2015 0:20,3.71,-73.98223114,40.73115158,-74.0123291,40.70159531,14.8
01/09/2015 0:10,01/09/2015 0:29,4.69,-73.97102356,40.68959045,-73.96341705,40.63597107,18.8
01/09/2015 0:10,01/09/2015 0:14,0.9,-73.97914124,40.78505325,-73.98736572,40.7752037,8.3
01/09/2015 0:10,01/09/2015 0:20,3.2,-74.00259399,40.73971939,-73.98141479,40.7791214,12.8
01/09/2015 0:10,01/09/2015 0:30,5.44,-73.9850235,40.74217224,-73.95214844,40.77747726,24.36
01/09/2015 0:10,01/09/2015 0:28,12.4,-73.77645111,40.64633179,-73.82608795,40.78274155,42.96
01/09/2015 0:10,01/09/2015 0:19,1.87,-73.98300934,40.76412964,-73.98448944,40.74303818,9.8
01/09/2015 0:10,01/09/2015 0:18,1.61,-74.01129913,40.71875763,-74.00172424,40.73577881,10.56
01/09/2015 0:10,01/09/2015 0:25,4.94,-74.01081848,40.70890045,-73.96201324,40.69295883,20.3
01/09/2015 0:10,01/09/2015 0:14,1.3,-73.99082947,40.73454666,-74.00241852,40.71891785,9.1
01/09/2015 0:10,01/09/2015 0:20,2,-73.97403717,40.75910568,-73.99729156,40.75045395,10.8
01/09/2015 0:10,01/09/2015 0:17,1.3,-73.9847641,40.73224258,-74.00409698,40.74265289,8.8
01/09/2015 0:10,01/09/2015 0:15,1.23,-73.99001312,40.74837875,-74.00315857,40.73633575,8.76
01/09/2015 0:10,01/09/2015 0:15,1.04,-73.98545074,40.76352692,-73.96996307,40.75978851,7.8
01/09/2015 0:10,01/09/2015 0:16,1.36,-73.99394989,40.74655151,-73.97856903,40.75246811,9.75
01/09/2015 0:10,01/09/2015 0:30,10.5,-73.87278748,40.7743187,-74.00006104,40.73209,37.56
01/09/2015 0:10,01/09/2015 0:22,2.88,-73.97136688,40.78247833,-73.97479248,40.75344849,12.8
01/09/2015 0:10,01/09/2015 0:24,4,-73.99719238,40.71431351,-73.96170807,40.76499557,15.8
01/09/2015 0:10,01/09/2015 0:16,1.84,-73.98841858,40.75392914,-74.00482941,40.73023224,10.8
01/09/2015 0:10,01/09/2015 0:21,2.8,-73.97185516,40.79462051,-73.94766998,40.8300705,12.8
01/09/2015 0:10,01/09/2015 0:14,0.71,-73.99259949,40.75358963,-74.00260162,40.75598145,5.8
01/09/2015 0:10,01/09/2015 0:20,2.7,-73.99421692,40.72660828,-73.99396515,40.75629807,11.8
01/09/2015 0:10,01/09/2015 0:24,3.4,-73.99633026,40.6906395,-73.99179077,40.72620392,17.85
01/09/2015 0:10,01/09/2015 0:36,8.8,-73.9850235,40.7542572,-73.98720551,40.67236328,35.75
01/09/2015 0:10,01/09/2015 0:18,3.2,-73.98028564,40.7649231,-73.94676208,40.79253387,11.3
01/09/2015 0:10,01/09/2015 0:22,3.77,-73.99054718,40.75770187,-74.01461029,40.71799088,14.3
01/09/2015 0:10,01/09/2015 0:21,2.89,-73.79010773,40.64318848,-73.79827118,40.66750336,20
01/09/2015 0:10,01/09/2015 1:24,11.2,-73.87431335,40.77412415,-73.9826355,40.76445389,61.84
01/09/2015 0:10,01/09/2015 0:18,2.41,-73.98819733,40.74580765,-73.9849472,40.76849747,13.5
01/09/2015 0:10,01/09/2015 0:17,1.1,-73.98912048,40.72668839,-73.98981476,40.73696899,9.95
01/09/2015 0:10,01/09/2015 0:15,1.7,-73.96221161,40.66305161,-73.97638702,40.66918182,8.3
01/09/2015 0:10,01/09/2015 0:25,3.75,-73.99354553,40.75209045,-73.96305847,40.79844666,18.3
01/09/2015 0:10,01/09/2015 0:38,17.33,-73.78157806,40.64683533,-73.99114227,40.75049591,70.01
01/09/2015 0:10,01/09/2015 0:45,7.7,-73.99032593,40.68687057,-73.97470093,40.64896393,36.6
01/09/2015 0:10,01/09/2015 0:23,3.1,-73.97516632,40.75266647,-73.9901886,40.71469879,17.25
01/09/2015 0:10,01/09/2015 0:23,4.12,-73.98738861,40.73804092,-73.94561768,40.78203583,18.36
01/09/2015 0:10,01/09/2015 0:23,2.9,-73.98399353,40.72706223,-73.99111176,40.75572586,15.96
01/09/2015 0:10,01/09/2015 0:21,3.2,-74.00269318,40.7234993,-73.97681427,40.76227951,15.35
01/09/2015 0:10,01/09/2015 0:22,8.13,-73.98620605,40.71774292,-73.90341187,40.77095032,29.76
01/09/2015 0:10,01/09/2015 0:33,16.11,-73.77635956,40.64628983,-73.96038055,40.72045135,49.8
01/09/2015 0:10,01/09/2015 0:17,0.8,-73.98705292,40.71932983,-73.99749756,40.71907806,7.3
01/09/2015 0:10,01/09/2015 0:22,2.9,-74.00881195,40.71920776,-73.98293304,40.74269485,12.8
01/09/2015 0:10,01/09/2015 0:23,2.89,-73.98612213,40.75209045,-73.98239136,40.7224617,13.3
01/09/2015 0:10,01/09/2015 0:14,1.39,-73.98133087,40.74161148,-73.96647644,40.75402832,8.76
01/09/2015 0:10,01/09/2015 0:21,1.6,-73.95000458,40.80184174,-73.9430542,40.81021118,13.35
01/09/2015 0:10,01/09/2015 0:39,9.2,-73.98580933,40.74503326,-73.94151306,40.84503174,37.8
01/09/2015 0:10,01/09/2015 0:19,2.2,-73.98918152,40.7205925,-73.99237823,40.74363708,11.3
01/09/2015 0:10,01/09/2015 0:27,4.8,-73.98552704,40.74723053,-73.97909546,40.69312286,21.96
01/09/2015 0:10,01/09/2015 0:23,3.5,-73.98804474,40.76482773,-73.99125671,40.72335052,17.75
01/09/2015 0:10,01/09/2015 0:46,18.08,-73.7902832,40.64699173,-73.9834671,40.66000366,57.3
01/09/2015 0:10,01/09/2015 0:21,2.78,-73.9956665,40.76213837,-74.00118256,40.73173904,14.16
01/09/2015 0:10,01/09/2015 0:25,3.53,-73.97727966,40.72625351,-74.00007629,40.76127625,17.76
01/09/2015 0:10,01/09/2015 0:23,3.7,-73.97626495,40.75986481,-74.01065826,40.72032166,17.85
01/09/2015 0:10,01/09/2015 0:30,6,-73.95644379,40.80297089,-73.97415924,40.7481842,23
01/09/2015 0:10,01/09/2015 0:16,2.05,-73.9785614,40.76414108,-73.98767853,40.74121857,11.16
01/09/2015 0:10,01/09/2015 0:19,2.06,-74.00361633,40.71380997,-73.9931488,40.73828125,12.88
01/09/2015 0:10,01/09/2015 0:18,1.2,-73.974617,40.79098129,-73.98233032,40.77486038,11
01/09/2015 0:10,01/09/2015 0:25,3.27,-73.98390198,40.76133728,-73.94593048,40.78175354,16.3
01/09/2015 0:10,01/09/2015 0:20,3.46,-73.9545517,40.76575851,-73.98648834,40.72803879,15
01/09/2015 0:10,01/09/2015 0:13,0.55,-73.98352814,40.73839951,-73.98345184,40.74385452,5.3
01/09/2015 0:10,01/09/2015 0:38,19.64,-73.78222656,40.64469528,-73.9282608,40.84093475,53.8
01/09/2015 0:10,01/09/2015 0:30,5.7,-73.98156738,40.74098206,-73.90405273,40.74541092,20.8
01/09/2015 0:10,01/09/2015 0:20,3.13,-73.98449707,40.76024628,-73.98679352,40.72665024,14.76
01/09/2015 0:10,01/09/2015 0:26,3.8,-73.97117615,40.7568512,-73.91749573,40.76623535,18.96
01/09/2015 0:10,01/09/2015 0:17,1.89,-73.9503479,40.6701088,-73.9562912,40.69466019,9.3
01/09/2015 0:10,01/09/2015 0:18,1.84,-73.99208832,40.73529816,-73.99362946,40.75466156,11.16
01/09/2015 0:10,01/09/2015 0:16,1.9,-73.98209381,40.77232361,-73.96759033,40.79880142,9.3
01/09/2015 0:10,01/09/2015 0:17,2.35,-73.97028351,40.75702667,-73.94812775,40.78257751,12.36
01/09/2015 0:10,01/09/2015 0:30,5.29,-73.95214844,40.80569077,-73.98695374,40.7436409,24.75
01/09/2015 0:10,01/09/2015 0:15,0.9,-73.9850235,40.75876999,-73.98397827,40.7492981,6.3
01/09/2015 0:10,01/09/2015 0:37,9.6,-73.87462616,40.7741127,-73.98633575,40.76224518,43.34
01/09/2015 0:10,01/09/2015 0:32,10.9,-73.96302795,40.79409027,-73.88978577,40.83579636,32.3
01/09/2015 0:10,01/09/2015 0:21,2.4,-73.97918701,40.7621994,-73.99128723,40.73191452,14.15
01/09/2015 0:10,01/09/2015 0:13,0.4,-73.96690369,40.80401611,-73.97086334,40.80082321,5.3
01/09/2015 0:10,01/09/2015 0:15,1.5,-73.96837616,40.75508499,-73.98254395,40.73546219,9.35
01/09/2015 0:10,01/09/2015 0:19,2.23,-73.983284,40.76425171,-74.00424957,40.74221802,10.8
01/09/2015 0:10,01/09/2015 0:23,3.1,-74.00254822,40.73370361,-73.98234558,40.77053833,15.8
01/09/2015 0:10,01/09/2015 0:22,2.12,-73.98863983,40.72138977,-74.00543213,40.74045181,14.16
01/09/2015 0:10,01/09/2015 0:14,1.3,-73.96889496,40.79113007,-73.98222351,40.77656174,7.3
01/09/2015 0:23,01/09/2015 0:32,6.7,-73.94029999,40.74681091,-73.8408432,40.72995758,20.8
01/09/2015 0:23,01/09/2015 0:37,2.6,-74.00361633,40.74835968,-73.98324585,40.72657013,12.8
01/09/2015 0:23,01/09/2015 0:29,1.1,-73.98889923,40.72191238,-74.00169373,40.71793365,8.8
01/09/2015 0:23,01/09/2015 0:26,0.28,-73.98233032,40.74296951,-73.98137665,40.74304581,6.36
01/09/2015 0:23,01/09/2015 0:30,0.9,-73.97393036,40.76428604,-73.98291016,40.76900101,8.8
01/09/2015 0:23,01/09/2015 0:27,1.33,-73.97519684,40.782444,-73.98392487,40.76692581,7.3
01/09/2015 0:23,01/09/2015 0:31,1.61,-73.9992218,40.74404144,-74.00289154,40.76044846,11.62
01/09/2015 0:23,01/09/2015 0:31,2.4,-73.97844696,40.74811935,-73.95314789,40.76662064,12.35
01/09/2015 0:23,01/09/2015 0:51,13.7,-74.01447296,40.7047348,-73.91665649,40.76877594,40.8
01/09/2015 0:23,01/09/2015 0:53,13.46,-73.7826767,40.6444931,-73.99032593,40.68347168,47.76
01/09/2015 0:23,01/09/2015 0:29,1.12,-73.97818756,40.75750732,-73.99025726,40.75151825,7.8
01/09/2015 0:23,01/09/2015 0:31,1.9,-73.92483521,40.75223541,-73.89157104,40.74670792,9.8
01/09/2015 0:23,01/09/2015 0:28,1,-73.97290802,40.76450729,-73.9894104,40.76822662,8.8
01/09/2015 0:23,01/09/2015 0:24,0.44,-73.95659637,40.77120972,-73.96173096,40.76731873,5.3
01/09/2015 0:23,01/09/2015 0:30,2.32,-73.97901917,40.75033188,-73.95258331,40.74258804,15.84
01/09/2015 0:23,01/09/2015 0:30,1.44,-73.98834229,40.7537384,-73.97412109,40.75701141,8.3
01/09/2015 0:23,01/09/2015 0:40,2.2,-73.97982788,40.73503113,-74.00521088,40.74087143,11.8
01/09/2015 0:23,01/09/2015 0:32,3.2,-73.96960449,40.76625824,-73.94283295,40.80670929,12.3
01/09/2015 0:23,01/09/2015 0:42,6.62,-73.78826141,40.64740753,-73.75715637,40.70974731,22.3
01/09/2015 0:23,01/09/2015 0:27,0.6,-74.00228119,40.74771118,-73.99803162,40.7425766,5.8
01/09/2015 0:23,01/09/2015 0:26,0.7,-73.98832703,40.73188019,-73.98439026,40.72655869,6.35
01/09/2015 0:23,01/09/2015 0:32,2.4,-73.95893097,40.70889664,-73.95572662,40.68138123,13.3
01/09/2015 0:23,01/09/2015 0:24,0.16,-74.00023651,40.74266815,-74.00022888,40.74259186,4.3
01/09/2015 0:23,01/09/2015 0:48,16.25,-73.87099457,40.77373123,-73.89311218,40.64393997,45.8
01/09/2015 0:23,01/09/2015 0:51,17,-73.7803421,40.64593887,-73.97402954,40.74403,70.01
01/09/2015 0:23,01/09/2015 0:34,2.5,-73.97507477,40.75633621,-74.0043335,40.73348999,14.15
01/09/2015 0:23,01/09/2015 0:28,0.75,-73.95165253,40.81198883,-73.95536041,40.80443954,6.8
01/09/2015 0:23,01/09/2015 0:27,1.08,-73.98629761,40.75188065,-73.97447205,40.76002884,6.8
01/09/2015 0:23,01/09/2015 0:29,0.8,-73.97247314,40.76477814,-73.97148895,40.75569153,7.3
01/09/2015 0:23,01/09/2015 0:30,1.31,-73.99964142,40.7282486,-74.00969696,40.72103882,9.96
01/09/2015 0:23,01/09/2015 0:26,0.2,-74.00602722,40.73511887,-74.00377655,40.73246765,6
01/09/2015 0:23,01/09/2015 0:38,3.9,-73.9888382,40.74872589,-73.94998932,40.7901268,16.3
01/09/2015 0:23,01/09/2015 0:39,3.81,-73.99349213,40.75429153,-73.95111847,40.78421783,18.3
01/09/2015 0:23,01/09/2015 0:29,1.25,-73.99334717,40.73503876,-73.98712921,40.74394989,10.14
01/09/2015 0:23,01/09/2015 0:28,1.12,-73.98761749,40.72875977,-73.9810791,40.73863983,7.3
01/09/2015 0:23,01/09/2015 0:28,2.3,-73.99255371,40.76357651,-73.97157288,40.79252625,10.3
01/09/2015 0:23,01/09/2015 0:32,2.8,-73.99107361,40.71965408,-73.96510315,40.75534821,12.95
01/09/2015 0:23,01/09/2015 0:32,1.8,-73.96949768,40.76376724,-73.99336243,40.75736237,11.75
01/09/2015 0:23,01/09/2015 0:28,0.52,-73.99346161,40.72167206,-73.99079132,40.72821045,6.96
01/09/2015 0:23,01/09/2015 0:38,4,-73.99666595,40.72532654,-73.97387695,40.67374039,16.3
01/09/2015 0:23,01/09/2015 0:30,1.11,-73.97657013,40.75393295,-73.9848175,40.75425339,7.3
01/09/2015 0:23,01/09/2015 0:51,8.26,-73.94867706,40.71127319,-73.98049927,40.78591537,33.3
01/09/2015 0:23,01/09/2015 0:35,2.41,-74.00639343,40.73341751,-73.99801636,40.71469498,14.16
01/09/2015 0:23,01/09/2015 0:40,4.6,-73.98790741,40.72820663,-73.9274826,40.69255829,18.3
01/09/2015 0:23,01/09/2015 0:58,18.6,-73.77643585,40.64624405,-73.96113586,40.76993179,66.34
01/09/2015 0:23,01/09/2015 0:33,2.5,-73.97463226,40.75279617,-73.94987488,40.77192307,11.3
01/09/2015 0:23,01/09/2015 0:36,1.9,-73.98646545,40.75904846,-73.96077728,40.76146317,11.8
01/09/2015 0:23,01/09/2015 0:31,2.36,-73.96855927,40.75492096,-73.96953583,40.75820923,10.3
01/09/2015 0:23,01/09/2015 0:38,8.33,-73.98326874,40.7713623,-73.92205048,40.86904144,25.3
01/09/2015 0:23,01/09/2015 0:41,2.89,-73.97280884,40.75605011,-74.00751495,40.74104309,15.3
01/09/2015 0:23,01/09/2015 0:31,2.49,-73.9790802,40.76259995,-73.94908905,40.7815094,10.3
01/09/2015 0:23,01/09/2015 0:26,0.76,-73.97193146,40.78699875,-73.97161865,40.79450989,5.3
01/09/2015 0:23,01/09/2015 0:30,1.46,-73.97893524,40.75014877,-73.99072266,40.74620819,10.56
01/09/2015 0:23,01/09/2015 0:25,0.57,-73.99398804,40.76176071,-73.98897552,40.76865005,5.3
01/09/2015 0:23,01/09/2015 0:26,0.96,-73.98613739,40.7572937,-73.99308014,40.74467087,6.3
01/09/2015 0:23,01/09/2015 0:34,3.5,-73.98287964,40.75931168,-73.94747162,40.79098892,13.3
01/09/2015 0:23,01/09/2015 0:40,4.13,-73.97827911,40.75231934,-74.01039886,40.71112061,16.8
01/09/2015 0:23,01/09/2015 0:37,6.71,-74.01165009,40.7037735,-73.94984436,40.77285767,27.25
01/09/2015 0:23,01/09/2015 0:30,1.4,-73.9860611,40.75977707,-73.98815918,40.77452087,11
01/09/2015 0:23,01/09/2015 0:30,2,-73.98208618,40.7784462,-73.95717621,40.78329086,9.3
01/09/2015 0:23,01/09/2015 0:38,3.4,-73.99467468,40.76418686,-74.00061035,40.72989655,14.8
01/09/2015 0:23,01/09/2015 0:30,2.4,-73.99067688,40.72463226,-73.98374939,40.69420242,11.3
01/09/2015 0:23,01/09/2015 0:25,0.3,-73.95580292,40.77899551,-73.95275879,40.7764473,5.75
01/09/2015 0:23,01/09/2015 0:31,1.5,-73.99230957,40.73466873,-73.98923492,40.73060226,8.8
01/09/2015 0:23,01/09/2015 0:31,1.41,-73.99801636,40.73035812,-73.98404694,40.73919296,9.8
01/09/2015 0:23,01/09/2015 0:31,1.58,-73.94059753,40.75101852,-73.92799377,40.76644897,8.8
01/09/2015 0:23,01/09/2015 0:29,1.59,-73.99581909,40.73062134,-73.97849274,40.74512863,8.8
01/09/2015 0:23,01/09/2015 0:48,5.96,-73.94350433,40.84033966,-73.98106384,40.76544189,23.8
01/09/2015 0:23,01/09/2015 0:27,0.73,-74.00563812,40.74560928,-74.0014801,40.73937988,5.8
01/09/2015 0:23,01/09/2015 0:36,3.5,-73.96137238,40.80156326,-73.99308014,40.76356506,14.8
01/09/2015 0:23,01/09/2015 0:41,2.5,-74.00493622,40.74174118,-74.0021286,40.7175827,14.3
01/09/2015 0:23,01/09/2015 0:44,12.8,-73.7766037,40.64637756,-73.74293518,40.72481537,36.3
01/09/2015 0:23,01/09/2015 0:35,6.2,-73.93992615,40.70820618,-73.91159821,40.77050018,23.75
01/09/2015 0:23,01/09/2015 0:30,2,-74.00696564,40.72900391,-73.98892975,40.74884796,10.3
01/09/2015 0:23,01/09/2015 0:31,1.36,-73.9781723,40.76277924,-73.9613266,40.76881027,8.8
01/09/2015 0:23,01/09/2015 0:50,18.36,-73.78209686,40.6449852,-73.9786377,40.74119186,68.64
01/09/2015 0:23,01/09/2015 0:32,2.19,-73.9784317,40.7521019,-74.00370789,40.73815918,12.36
01/09/2015 0:23,01/09/2015 0:33,2.6,-73.97557068,40.75177383,-73.98760223,40.72115707,13.55
01/09/2015 0:23,01/09/2015 0:33,2.5,-73.99513245,40.72154236,-73.97707367,40.75175095,11.3
01/09/2015 0:23,01/09/2015 0:31,1.46,-73.88465118,40.74750137,-73.90035248,40.74214172,8.8
01/09/2015 0:23,01/09/2015 0:36,3.98,-73.99177551,40.71978378,-73.97953033,40.76239395,17.76
01/09/2015 0:23,01/09/2015 0:30,1.76,-73.97550201,40.75498962,-73.95741272,40.76763153,10.8
01/09/2015 0:23,01/09/2015 0:31,1.37,-74.00385284,40.7419281,-73.98932648,40.73047256,9.8
01/09/2015 0:23,01/09/2015 0:28,0.9,-74.00318909,40.73485565,-74.00101471,40.74643326,7.56
01/09/2015 0:23,01/09/2015 0:29,1.3,-73.99933624,40.73846436,-74.00263977,40.75245285,9.05
01/09/2015 0:23,01/09/2015 0:36,4.9,-74.00961304,40.7062645,-73.94752502,40.72484207,19
01/09/2015 0:23,01/09/2015 0:30,1.33,-73.97341156,40.75828171,-73.98579407,40.74549103,9.96
01/09/2015 0:23,01/09/2015 0:35,2.46,-73.98587036,40.75189972,-73.99025726,40.77573013,14.76
01/09/2015 0:23,01/09/2015 0:40,7.77,-74.01464081,40.71412277,-73.95773315,40.76849365,29.16
01/09/2015 0:23,01/09/2015 0:46,7.9,-73.98993683,40.73186493,-73.9586792,40.81024551,32.15
01/09/2015 0:23,01/09/2015 0:33,2.7,-73.95346069,40.68215942,-73.94876862,40.71030426,11.3
01/09/2015 0:23,01/09/2015 0:28,1.7,-73.9673233,40.75654221,-73.98443604,40.73721313,9.35
01/09/2015 0:23,01/09/2015 0:36,2.79,-73.96948242,40.75951767,-74.0019989,40.73379517,12.3
01/09/2015 0:23,01/09/2015 0:31,1.3,-73.98117065,40.75359344,-73.974617,40.76160431,10.55
01/09/2015 0:23,01/09/2015 0:27,0.71,-73.97186279,40.79489899,-73.97865295,40.78593826,6.3
01/09/2015 0:23,01/09/2015 0:36,4.6,-73.99243927,40.72471619,-73.94860077,40.78316116,18.95
01/09/2015 0:23,01/09/2015 0:49,18.9,-73.78961182,40.64723206,-73.95123291,40.77746964,63.34
01/09/2015 0:23,01/09/2015 0:37,3.75,-73.98167419,40.75770187,-73.97940826,40.71619034,18.36
01/09/2015 0:23,01/09/2015 1:00,11.8,-73.95850372,40.76880646,-73.9935379,40.69763947,38.8
01/09/2015 0:23,01/09/2015 0:33,3,-73.98590851,40.76313782,-73.96537018,40.80290222,14.75
01/09/2015 0:23,01/09/2015 0:34,5.77,-73.98091888,40.721241,-73.94898224,40.78511047,19.8
01/09/2015 0:23,01/09/2015 0:30,3.16,-73.99064636,40.71826172,-74.00994873,40.7060318,14.16
01/09/2015 0:23,01/09/2015 0:29,1.1,-73.9909668,40.7349205,-74.00614166,40.73304749,7.3
01/09/2015 0:23,01/09/2015 0:40,4.42,-73.98651886,40.75597,-73.94035339,40.79225159,20.76
01/09/2015 0:23,01/09/2015 0:33,3.31,-74.00631714,40.70663452,-74.00164795,40.67945099,12.3
01/09/2015 0:23,01/09/2015 0:32,1.95,-73.96579742,40.79026031,-73.95333862,40.7717514,12.36
01/09/2015 0:24,01/09/2015 0:35,2.4,-73.98500824,40.74784088,-73.98506927,40.76832962,11.8
01/09/2015 0:24,01/09/2015 0:37,3.81,-73.98989105,40.73191833,-73.95626831,40.74737167,22.84
01/09/2015 0:24,01/09/2015 0:48,7.85,-74.00923157,40.71339417,-73.91994476,40.76605988,31.56
